creative,uid,f_picture,f_dist,o_picture,o_dist
USSEN/AK AKDP&BEGICH WHATEVER IT TAKES,0Q36RVHKzQs,1,0.376999248967253,0,0.6308440035722606
USSEN/AK BEGICH AD IDEAS,hdGYDt7AF24,1,0.3423170470981936,1,0.39890660922444937
USSEN/AK BEGICH AVIATION,hxFGToX34jw,1,0.29318339616796274,0,0.6349143141575201
USSEN/AK BEGICH BELLA,Axwxi7p9ov0,1,0.3172949174492506,0,0.581625602556628
USSEN/AK BEGICH BRYAN BOX,3Ad8gNA6stg,1,0.28514130216577427,0,0.544575692472493
USSEN/AK BEGICH CHEAP,NeWBOWdZ92M,1,0.46282767724482426,0,0.6383417947351734
USSEN/AK BEGICH FATHER TO SON 60,fnVDAfkLHK8,1,0.33562554592241,0,0.5667528328548981
USSEN/AK BEGICH FRIGHTENING,N0IYCGBKY6w,0,0.5556555030099021,1,0.42859393262388357
USSEN/AK BEGICH JUST GOT HERE,M0ds6ldi7Mw,1,0.45624376909625797,1,0.3958009070557028
USSEN/AK BEGICH MARGIE,xRwJxwfFxaU,1,0.2951721324354397,0,0.5959534700567135
USSEN/AK BEGICH OUTSIDER AD,FMArORE6D3o,1,0.28272703001995314,0,0.6145989668888666
USSEN/AK BEGICH RIPPED OFF,DQuqQWG43ns,1,0.4379694119547228,1,0.4583622591601747
USSEN/AK BEGICH ROAD,N6LXyj62FVQ,1,0.30857400655651623,0,0.6452168501031411
USSEN/AK BEGICH TERRY,zC-UBP6IMEo,1,0.43530515271865755,0,0.6336425822590096
USSEN/AK BEGICH TOOK ON OBAMA,nbNAvbuRgE4,1,0.4415017896323461,1,0.46201335090947426
USSEN/AK BEGICH WE WON,MacCj2bCNYg,1,0.45836822562751767,0,0.6372469103452938
USSEN/AK BEGICH WHO'S BEHIND,m5JFAMJ-9Uk,1,0.4166952645550604,0,0.6090932296002741
USSEN/AK BEGICH WORK WITH ANYONE,_WtLKmT25_w,1,0.4402708095270998,0,0.5793699970606321
USSEN/AK SULLIVAN ADVANCING ALASKA'S INTERESTS,YQL3QfGkfNQ,1,0.3060068289665899,0,0.7793783157083368
USSEN/AK SULLIVAN ALASKA'S TEACHERS,OSOQw2ccfKU,1,0.35391027783859863,0,0.6053382846206544
USSEN/AK SULLIVAN BEGICH'S FRIENDS,pW34DdIfCvI,1,0.39363285162494266,1,0.39913862634566
USSEN/AK SULLIVAN COMMITTED,N42fO_JUNpI,1,0.47682970324867047,0,0.705910347325636
USSEN/AK SULLIVAN ELAINA,wumIqinW404,1,0.48271946265539295,0,0.6679497182663281
USSEN/AK SULLIVAN LAME TRICKS,sveaZ4OpOo8,1,0.41740886399794397,0,0.6161689056079243
USSEN/AK SULLIVAN RETURNING THE FAVOR,kHPzTMT0Clk,1,0.30151202356061213,1,0.37496439675052073
USSEN/AK SULLIVAN ROOTS,9xgc2GHRQFY,1,0.3796978225276017,0,0.6695135495533083
USSEN/AK SULLIVAN RUNNING,tqrIHISHyUE,1,0.3837840615574977,0,0.7712466475725238
USSEN/AK SULLIVAN SEE THINGS DIFFERENTLY,pRRaiV06YUA,1,0.36648339189536266,1,0.3646466106284624
USSEN/AK SULLIVAN STAND UP TO OBAMA,2T7qWr9eZ9w,1,0.3831929139452297,0,0.6630047892951639
USSEN/AK SULLIVAN STEELFAB,60pD5YEEyN4,1,0.3864835503260454,1,0.3441710123991334
USSEN/AK SULLIVAN&NRSC JULIE,xLugQ-sThnE,1,0.4840545931122165,0,0.6886128630258908
USSEN/AR COTTON BALLOT,R8OqBBi9nzY,1,0.3217340606938735,0,0.7579431295489811
USSEN/AR COTTON DECISIONS,wuJKO_fa5V8,1,0.3674331986030725,0,0.8502586033419705
USSEN/AR COTTON DEEP ROOTS,_x2-lV7vA_8,1,0.36843850222423347,0,0.6579879842054667
USSEN/AR COTTON FAMILY FARM,q47stRkYoO8,1,0.3155527169635616,0,0.7177984191860513
USSEN/AR COTTON HEAD ON,WD-o138RG9k,1,0.4008064932405186,0,0.6242614856524512
USSEN/AR COTTON LEAP OF FAITH 60,tgP-05BxfrU,0,0.5165067510742464,1,0.35883417853611776
USSEN/AR COTTON PRYOR ON TV,RbsJoRiwZaA,1,0.3703332404840025,1,0.4708891923371549
USSEN/AR COTTON RECOVERY,xKqIyk8E94A,0,0.5468370820734049,0,0.7216290632643038
USSEN/AR COTTON RETIRE PRYOR,K1l4jgRDvco,1,0.37926096095782325,1,0.5128933829023048
USSEN/AR COTTON SGT NORTON,PB-y5RdFCik,1,0.3776545070007249,0,0.6545721510428776
USSEN/AR COTTON STILL DOESN'T GET IT,M3EyrCLXGkg,1,0.30986730535770746,1,0.5052617381760818
USSEN/AR COTTON TOE THE LINE,u467mtj3mBk,1,0.40712189131067794,1,0.4358973808007709
USSEN/AR COTTON&NRSC INDOOR PLUMBING,D5GQn0feKxg,1,0.29552017633575106,0,0.7015461095509108
USSEN/AR COTTON&NRSC SERVE,xZXUZXwg6BE,1,0.321749010378178,0,0.6838468139124728
USSEN/AR PRYOR AGRICULTURAL DUST,fVB9VOQLhUY,1,0.39185979933495996,0,0.7981208525837555
USSEN/AR PRYOR AMERICAN JOBS,C6OYWChbZW0,1,0.36833610799954847,0,0.7384968876540204
USSEN/AR PRYOR BLESSING,ONk6qXfpHNU,1,0.38550057058371157,0,0.7325536439098185
USSEN/AR PRYOR COURTNEY,43OwZnK1ddQ,0,0.8339326441031004,0,0.7710773081572508
USSEN/AR PRYOR DIAGNOSED,W1-n2g2e0BA,1,0.45923879219968394,0,0.6322230223009815
USSEN/AR PRYOR END,cZDgMvpBmW4,1,0.45609517473615063,0,0.7889131474297388
USSEN/AR PRYOR FORDYCE,HIJ0lHf4CLg,0,0.5883494430910075,0,0.6686241291671463
USSEN/AR PRYOR LINDA,MiskpgUMfT0,0,0.7360524290579159,0,0.7074691797080874
USSEN/AR PRYOR LISTEN TO PEOPLE,lSCMlTp5byg,1,0.3308071241158302,0,0.7341450376715265
USSEN/AR PRYOR OLD BOOT,wMGK3Rsuc3Q,1,0.3490139817679227,0,0.7687789798058199
USSEN/AR PRYOR OUTBREAK,K-DwHaEwXfY,1,0.4469928183542096,1,0.40680406468670904
USSEN/AR PRYOR RECORD,7_pDvk-b8nY,1,0.44791902049350824,0,0.5227748655731629
USSEN/AR PRYOR RESPONSIBLE,695VXm8knsQ,1,0.3726923305703914,0,0.7594931537094414
USSEN/AR PRYOR RETURNING THE FAVOR,C23xnuKsLAY,1,0.47400029363414203,1,0.4254003678435057
USSEN/AR PRYOR WHAT I BELIEVE,dpGPymn9fsI,1,0.41976709765032355,1,0.4149477053061065
USSEN/AR PRYOR&ARDP GENERAL WES CLARK,NDoaN7pHDhs,1,0.47120277897613083,0,0.6568397550228762
USSEN/AR PRYOR&ARDP MEDICARE PROTECTION ACT,HxVSbIdzcjw,1,0.3566077908517164,0,0.6828961363219905
USSEN/AR PRYOR&ARDP ONLY ONE DISASTER RELIEF,JehxaVGSILQ,1,0.4148305087216363,1,0.461398203274746
USSEN/AR PRYOR&ARDP PARTISAN GAMES,V_n-wl9wwt0,1,0.34531745024669097,0,0.7476197368817651
USSEN/AZ CARMONA ANSWERED THE CALL,6sRIJWgSlSA,1,0.43477621549824763,1,0.3587172678341487
USSEN/AZ CARMONA BOTH GOT IT WRONG,q4RMaBiDefo,1,0.3359197009900403,0,0.6676685358867146
USSEN/AZ CARMONA MCCAIN & KYL TESTIMONIALS,IE8WWcs3QG0,1,0.422882852767808,0,0.6285004326146127
USSEN/AZ CARMONA PROBLEM SOLVING,KNJ3dewVOMk,1,0.46390754442550264,0,0.588229328333132
USSEN/AZ CARMONA PUT ASIDE POLITICS,i88nHL2Vt2o,1,0.374919395841048,1,0.3673966345545813
USSEN/AZ CARMONA STRAIGHT TALKER,nARH9wSx8Oo,1,0.334188248543427,0,0.6638792002656012
USSEN/AZ DSCC&CARMONA KATHLEEN BRENNAN,jwbve7xcvF8,1,0.49684359389236454,1,0.38838384833237616
USSEN/AZ FLAKE IT'S A CHOICE,Y3rRJTyeEVs,1,0.2642489842012882,0,0.5538422931246594
USSEN/AZ FLAKE LIBERAL BIG GOVERNMENT AGENDA,ZCXbJw6O_X4,1,0.31641703155745715,0,0.6660005392408794
USSEN/AZ FLAKE MCCAIN & KYL ENDORSEMENT,k16Ky6soFuo,1,0.426511746404288,0,0.6172565411004161
USSEN/AZ FLAKE OBAMA'S MAN IN ARIZONA,Wau6Z_SKzI8,1,0.2830474104058789,0,0.5471604717906002
USSEN/AZ NRSC&FLAKE APRIL WHITE,ZXQ7XBAD08o,1,0.40020832227122843,0,0.6686243682136828
USSEN/AZ NRSC&FLAKE TURNING POINT,Yz7u61zD384,1,0.2759088320391244,0,0.7146027700151706
USSEN/CA FEINSTEIN ALL OVER CALIFORNIA,L2vdPz5VrG4,1,0.32194393783389064,0,0.727745163981811
USSEN/CO GARDNER ABSENT,6VCGgjdbxFI,1,0.33953559320608956,1,0.49183910232551414
USSEN/CO GARDNER BETTER COURSE,BuETJw-tHUw,1,0.3917615540139094,0,0.6520482359882492
USSEN/CO GARDNER BIG CITY,7GgKlYryEIY,1,0.3288466746476274,0,0.6563936002626038
USSEN/CO GARDNER BIG SHOES,RH81PBdnv1c,1,0.273842748694326,0,0.6688562579284012
USSEN/CO GARDNER ENDORSEMENTS,_83itMH7la0,1,0.36427039788046434,1,0.37253538402560643
USSEN/CO GARDNER FIX IT,B5FqULnVEWI,1,0.24531925740636992,0,0.7575370590662284
USSEN/CO GARDNER FOR YOU,IdStz3wFObQ,1,0.40718475063593673,0,0.6688511939222939
USSEN/CO GARDNER MAILBOX,kqfar9h-_Hs,1,0.3613986961431715,0,0.7428632902712852
USSEN/CO GARDNER NICE GUY,CdLNIGv50WQ,1,0.31245479154061445,0,0.7610235308467057
USSEN/CO GARDNER RIGHT HERE,9qvjS6I5iDE,1,0.3093936483464983,0,0.6540400333804669
USSEN/CO GARDNER ROSIE,Pz8WYAGCE2o,1,0.29763941043120073,0,0.673346590000898
USSEN/CO GARDNER&NRSC HOW OFTEN,TziO7ZniOxI,1,0.4113433215374533,1,0.34745990796944015
USSEN/CO GARDNER&NRSC NEXT GENERATION ENERGY,NPKzyophmNw,1,0.36334879628848077,0,0.7444928656106008
USSEN/CO UDALL ALREADY,UrGcd8M6ec0,0,0.5168369461570248,0,0.7022968291773081
USSEN/CO UDALL BACKWARDS,26sbLmONB2Y,0,0.6245148410882234,1,0.3955575983212503
USSEN/CO UDALL COLORADO,h8BCgJyOxkQ,1,0.35667240799614996,0,0.6416906285174463
USSEN/CO UDALL DENIALS,XYWBSdFt9RQ,0,0.5798871353050173,1,0.40749245990215516
USSEN/CO UDALL DIRECTLY FROM ME,m_V4POLXJV8,1,0.38498281779672205,1,0.435662998649765
USSEN/CO UDALL FLASH FLOODING,5hbUmeOWWkU,0,0.6251318778118802,0,0.677046308997985
USSEN/CO UDALL FREEDOM,ioHbADdXpKQ,1,0.355341032953253,0,0.6631632583881694
USSEN/CO UDALL HISTORY,Uw9TjLdpew0,1,0.4161939255168376,1,0.3938466186191436
USSEN/CO UDALL IN HERE,NLcfTIrzX2M,1,0.3329993650119363,0,0.651533783583545
USSEN/CO UDALL RECORD,EooSyESO7sw,1,0.3832649665915485,1,0.33122665834685083
USSEN/CO UDALL RESPECT,RtVdT5xPUy0,1,0.3955826594387839,1,0.443244501469555
USSEN/CO UDALL SUCCEED,oh71wLfUOwk,1,0.3604959540366332,0,0.6384782854628975
USSEN/CO UDALL TRUE,vnKGBlE8qQU,1,0.3250845838064358,0,0.6577919718565671
USSEN/CO UDALL&DSCC CALENDAR,kVeVTMFGK7k,1,0.37640286894339947,0,0.7896650615927621
USSEN/CO UDALL&DSCC CHAMPION,EdPo6Qli_ZY,1,0.39589218627119677,0,0.6172464649417289
USSEN/CO UDALL&DSCC JOB,dOsnxstP25w,1,0.33593911248744707,1,0.41630862997086715
USSEN/CT MCMAHON CAN'T BE BOUGHT,bsRq0h-qgto,1,0.3712230375041471,0,0.6660349883543201
USSEN/CT MCMAHON CAROLYN NAH,wDRSEDqh5to,1,0.3291664096417826,0,0.6100322714643925
USSEN/CT MCMAHON CONNECTS WITH THE PEOPLE,qKvspCN3ntw,1,0.3592424086102251,0,0.5985846603801667
USSEN/CT MCMAHON GOTTEN US IN A MESS,dAFymoNZHDM,1,0.3199894075872855,0,0.7309391510253991
USSEN/CT MCMAHON JOBLESS RATE REV 2,upefBfpM2hE,1,0.4280377846432388,0,0.5355407481871893
USSEN/CT MCMAHON OBAMA SUPPORTERS,2-d5g0pwJws,1,0.37876791462749054,0,0.6927580071652254
USSEN/CT MCMAHON REPRODUCTIVE RIGHTS,0WbiMlf5JrI,1,0.30222618175728655,0,0.639653950098037
USSEN/CT MURPHY BLUMENTHAL ENDORSEMENT,In7hpJmaY3k,1,0.40887302648384527,0,0.6793051806478692
USSEN/CT MURPHY CREATE THEIR OWN RULES,J_M69gmydec,1,0.34488807060805415,1,0.4459733685812327
USSEN/CT MURPHY DEMEANED WOMEN,YqzS7VeI_zI,0,0.5379888272261548,0,0.5685290859523104
USSEN/CT MURPHY DO AND SAY ANYTHING,HShhJZ0nyW4,1,0.44911920311203546,0,0.6736460740056186
USSEN/CT MURPHY IMAGE ISN' T REAL,kMSnjonDMSw,0,0.513990072431377,1,0.4026086821003273
USSEN/CT MURPHY JOBS RECORD,qYsQ118aWsE,1,0.4817967040603181,0,0.6201744793628875
USSEN/CT MURPHY MCMAHON HAD A PLAN,ETz8vpDIwcU,0,0.553602419404424,1,0.4401006570814156
USSEN/CT MURPHY NEWSPAPER ENDORSEMENTS,il2OUiw0B98,1,0.44665605169469336,1,0.5000406881061993
USSEN/CT MURPHY OBAMA ENDORSEMENT,rNL7_WTBui0,1,0.4801072755301434,0,0.6529276328072122
USSEN/CT MURPHY ROOTED IN THE MIDDLE CLASS,01-9hCQenQw,1,0.41225483129466933,0,0.6261492330573756
USSEN/DE CARPER PAID OFF,RhOISWq-7Ss,1,0.3690911609497232,0,0.5677286353388107
USSEN/DE COONS AMERICAN MANUFACTURING,l3IqdkCq9Hg,1,0.3126718924407853,0,0.5465346442261425
USSEN/DE COONS GET ALONG,lOfpxnMjjfA,1,0.3035694503994288,0,0.5403536790078476
USSEN/FL DSCC&NELSON MIDDLE CLASS,XBpdMudXSSs,1,0.4782546015713054,0,0.6271996292613031
USSEN/FL DSCC&NELSON OUT OF STATE BILLIONAIRES REV,91dtaCfcYOo,0,0.6346065589106615,1,0.4503333521615228
USSEN/FL NELSON IN NO WAY QUALIFIED,Za8YcX5RLZA,0,0.5635590548336704,0,0.6066982855162726
USSEN/FL NELSON PERSPECTIVE,9JmNMccRgbg,1,0.4224080415116758,0,0.5633027992226356
USSEN/FL NELSON&DSCC MEET CONNIE MACK IV,Hs2LGKdDPf4,1,0.4980179088596976,1,0.3935352347412404
USSEN/GA NUNN BIASED,7BNzoQWdNS8,1,0.3343394678535185,0,0.6491268208454155
USSEN/GA NUNN BRIDGE,jNjOLQX2A3o,1,0.4542204158442895,0,0.6427568701196019
USSEN/GA NUNN DISCOVERY PROGRAM,tTY6JfCh3OI,1,0.3836293608898259,0,0.7323379967087512
USSEN/GA NUNN HAVE YOU SEEN THIS PICTURE,SB11dMrnY-U,1,0.35914592215796626,0,0.7141212189861597
USSEN/GA NUNN JACKPOT,pwLOyhdLFTw,1,0.38029715304073664,0,0.7517181879526985
USSEN/GA NUNN MY WHOLE CAREER,fssW7TnYAwE,1,0.3105905123369108,0,0.6744329218074001
USSEN/GA NUNN PROUD OF IT,UKYdU-owVQw,1,0.33825767534467854,1,0.478901807916109
USSEN/GA NUNN REAL,bTREGpKHHKQ,1,0.3764322293926427,1,0.3406449894263917
USSEN/GA NUNN WHEN I HEAR,NukrwDfkZ4Y,1,0.362720444786905,1,0.3525936250885772
USSEN/GA NUNN&GAFEC DECENCY,bG7XMfWTeFw,1,0.35374592963874263,1,0.34200596038470515
USSEN/GA NUNN&GAFEC DO RIGHT,jICNm2S9AOg,0,0.6695320538977628,1,0.46936130766613904
USSEN/GA NUNN&GAFEC MOST OF MY CAREER,5tF0y17qN1U,1,0.44361866569369973,1,0.3519600415257271
USSEN/GA NUNN&GAFEC PILLOWTEX 60,eHhbrOjZSgo,1,0.45006071200664205,0,0.6273826578018896
USSEN/GA PERDUE CLEAR CHOICE,uGbu6mH2AaE,1,0.35411067418425923,1,0.3312364709286103
USSEN/GA PERDUE GEORGIA VALUES,3PYGPsj8Rec,1,0.4808098294474776,0,0.689850645831997
USSEN/GA PERDUE GET US WORKING AGAIN,R9WsqIlKPDk,1,0.3125687625669894,1,0.41284492297982894
USSEN/GA PERDUE LIKE YOU,RsXn4oa8XNw,1,0.422578557238487,1,0.35460254543462866
USSEN/GA PERDUE SECURE OUR BORDER,5Bt6DcMJjE4,1,0.3751561553564377,1,0.39480739797163844
USSEN/GA PERDUE TRUST,P_vuD3tHcJA,1,0.3325760752659937,1,0.5126054331032801
USSEN/GA PERDUE WE NEED A NEW DIRECTION,-9UHRD4QoMg,1,0.37128331302946427,0,0.5300985613957108
USSEN/GA PERDUE&NRSC AMERICAN DREAM,imFlbbqSWok,1,0.3051374019762546,1,0.3879312736126724
USSEN/GA PERDUE&NRSC HELPING GEORGIA GROW,MfqKo1mDoQU,1,0.4241105183595164,0,0.669987026410178
USSEN/GA PERDUE&NRSC NUNN ADMITS,IEkFCukkH5Y,1,0.4957365831863773,1,0.3145097058827528
USSEN/HI HIRONO A GOOD EDUCATION,NGmD8jmVzS0,1,0.34271883403299647,1,0.4615451148014267
USSEN/HI HIRONO LINGLE SUPPORTING ROMNEY,hIsANI9bxe4,0,0.5385669110199017,1,0.3880279560017104
USSEN/HI HIRONO MISLEADING US AGAIN,8oSsTWSXFww,1,0.44308693790778025,1,0.4763397437682152
USSEN/HI HIRONO MITT ROMNEY,6LR1egXAeCI,1,0.32971604838432905,1,0.3359482678963392
USSEN/HI HIRONO NEGATIVE CAMPAIGN,XBhV8az6bLo,1,0.3129727854211669,1,0.38693626327180924
USSEN/HI HIRONO NEWSPAPER ENDORSEMENT,7ZIIZA-c-zM,1,0.29779311984025314,0,0.5290274041584724
USSEN/HI HIRONO OBAMA'S TORMENTOR,H6-sRNdaZIw,1,0.3762999363615116,1,0.3632137211329177
USSEN/HI HIRONO WE CAN DO BETTER,e0xqKxAv7jE,1,0.2224179781306015,0,0.5238028827436867
USSEN/HI LINGLE AMERICAN PROBLEMS,-33cIZzWwho,1,0.33004378005597984,0,0.7668227004563487
USSEN/HI LINGLE DEFENSE CUTS,CqUI0GkjlS4,1,0.2996807526284669,1,0.3662283199967449
USSEN/HI LINGLE PUTS PEOPLE FIRST,-2Lrao-0mJQ,1,0.2825348059539435,1,0.418478647921747
USSEN/HI LINGLE ZERO,6VdLrpmGANk,1,0.08920216262914528,1,0.4232021440395927
USSEN/IA BRALEY BACK TO WORK,M2W2XtnVmEU,1,0.4460184933204335,0,0.7119004960268861
USSEN/IA BRALEY BEST FOR IOWA,hngBb4DxsTE,1,0.29025752861935245,0,0.9105075717552868
USSEN/IA BRALEY BRIDGES,pPi6G4kxFbc,1,0.36305844342343174,0,0.6720817360893009
USSEN/IA BRALEY CLOSER LOOK,xcrlbqGBE_Q,1,0.35578538791567504,1,0.35829197961948217
USSEN/IA BRALEY HUGE PRIORITY,kcgYZXYOVHg,1,0.26173712774710617,0,0.6426111620985139
USSEN/IA BRALEY MINIMUM,nEtpLZuNCvs,0,0.6447355102479704,1,0.3545648808771867
USSEN/IA BRALEY MOM,x4r1ZpMbaEw,1,0.32215926533588995,0,0.6684679340518719
USSEN/IA BRALEY PEEP,b3lwSSTEvNU,1,0.4318607143648844,1,0.4031794106659986
USSEN/IA BRALEY SOLVE PROBLEMS,Xiw9hekSkBU,1,0.2602984197974592,0,0.6921557234386203
USSEN/IA BRALEY THE TRUTH,vl6pQMT89YQ,1,0.4185341186295891,1,0.3578186046460352
USSEN/IA BRALEY TODD PRICHARD,1vFQAaRKkiY,1,0.4333394967269277,0,0.6442178757058005
USSEN/IA BRALEY WORK 60,eE12svo8iug,1,0.30129311833421213,0,0.6745062639088665
USSEN/IA BRALEY&IADP STRONG,o7NwzTDnVj8,1,0.27627515952620363,0,0.8526604882101665
USSEN/IA ERNST BISCUIT,8yn_AcB0Oog,1,0.37524612665281043,0,0.6949453048508667
USSEN/IA ERNST CHRIS,KBPEM4Xrre4,0,0.6506092148272355,0,0.615236721894173
USSEN/IA ERNST CROSSROADS,dxFtWKKay18,1,0.40231892700172917,0,0.8870283171404644
USSEN/IA ERNST DIFFERENCE,YokXZ4FzsV8,1,0.38654110489255444,0,0.6434394119619281
USSEN/IA ERNST DRIVE,p-rpeYufEbE,1,0.46679422434879164,0,0.5957127930742111
USSEN/IA ERNST LOT,oWXQ3IY8RvY,1,0.3934836742312596,0,0.822158911868501
USSEN/IA ERNST RED OAK,E-tq3za3FKc,1,0.3907885578188729,0,0.6311937956244387
USSEN/IA ERNST SERVICE,cNYKFZktYrs,1,0.3590703367648463,0,0.6159766960671007
USSEN/IA ERNST VALUES,n6M2rfQxnwU,1,0.4385044646013693,1,0.4205559578856738
USSEN/IA ERNST WHAT I CARE ABOUT,F_JqmuNkZ30,1,0.39293395202031,0,0.9287187977118577
USSEN/IA ERNST WILLIAM,SYZ2Kku5L8Y,0,0.6469273008304357,0,0.6616063875979421
USSEN/IA ERNST&NRSC HANDS,pwGGreYRpXU,1,0.42931222081714127,0,0.7211816523216349
USSEN/IL DURBIN CAPTAIN TONY 60,ugdwmRETIcs,1,0.4770144323386828,0,0.6259076023333573
USSEN/IL DURBIN STUDENT LOANS,ZR22BHCU44A,1,0.37280543474423045,0,0.5619109603367852
USSEN/IN DONNELLY BIPARTISANSHIP,3qzFMybdMT4,0,0.6361705032260551,1,0.42692340291693515
USSEN/IN DONNELLY COMMON SENSE MIDDLE,hXlav9oQbfQ,1,0.3329210544981851,0,0.52157663073636
USSEN/IN DONNELLY COMPARE THE CANDIDATES,IcaTucJDZxI,1,0.36249995995170264,1,0.40628399041772006
USSEN/IN DONNELLY INFLICT ON US,t0Svy9ll0pI,1,0.37450027776469247,1,0.3599079045990433
USSEN/IN DONNELLY MOURDOCK'S WAY,II8w3MB8qiM,1,0.36406771227542695,0,0.5691929440499484
USSEN/IN DONNELLY MY WAY OR THE HIGHWAY,XjvU0kgH0io,0,0.5839864294679371,1,0.4792713168702021
USSEN/IN DONNELLY ROAD RAGE,I7Rq_x--_tM,1,0.367080226268484,0,0.5849074907651182
USSEN/IN DONNELLY WATCHES EVERY PENNY,v_e1kBJNXbo,0,0.8609829723479734,0,0.754864634995219
USSEN/IN MOURDOCK A CHOICE,Xe05zEO1XSU,1,0.40303459522828283,1,0.46028726111136087
USSEN/IN MOURDOCK BECKY SKILLMAN,bkxknh9pBk0,1,0.4080877971002547,0,0.639185300147909
USSEN/IN MOURDOCK DISTORTED PERSONAL ATTACKS,POqoP5TLltU,1,0.4107698906110175,1,0.37189088369675594
USSEN/IN MOURDOCK GARBAGE ON TELEVISION,VmjZIPHNCRY,1,0.4255049054460943,1,0.3765488032624558
USSEN/IN MOURDOCK OBAMA-REID AGENDA,kSoarHs-1fU,0,0.5579824951919544,0,0.6844305510869363
USSEN/IN MOURDOCK ROMNEY ENDORSEMENT,pSMkRYZD7P0,1,0.4140982515904081,0,0.6132709360033108
USSEN/IN NRSC&MOURDOCK 2 PATHS,PRxAc7y8h6E,1,0.45184742139453515,1,0.47769354993432245
USSEN/KS ORMAN ATTACK,TDF1-uj7u4w,1,0.3346862786678878,0,0.5957859796489365
USSEN/KS ORMAN AUTHENTIC,BXBsdl-3MNU,1,0.3130126701213859,0,0.6243421161494084
USSEN/KS ORMAN DECLARE,axOM1ADtMSQ,1,0.3863363983257009,0,0.6575347180105124
USSEN/KS ORMAN ELEVEN MILLION,uhNcjOjos9E,1,0.40270112114006745,1,0.4629615232849914
USSEN/KS ORMAN ENOUGH IS ENOUGH,roO6EtFIC3A,1,0.360966416573619,0,0.6416239171127855
USSEN/KS ORMAN HALF RIGHT,2GqyWbmQr-A,1,0.346761168090926,1,0.4515259831190705
USSEN/KS ORMAN INDEPENDENCE,lFYb0_Zidw4,1,0.3140660318019679,0,0.5912732002947733
USSEN/KS ORMAN MUDSLINGING,iCaNyn2Eq7A,1,0.3464922522558783,0,0.5171097426340641
USSEN/KS ORMAN STUCK,XEnTDCop-XA,1,0.36627104069904226,0,0.657724943959247
USSEN/KS ORMAN WASHINGTON IS BROKEN,6erxUAC1Ncw,1,0.33766907384868017,0,0.5702008533426772
USSEN/KS ROBERTS ANOTHER VOTE,FSyC8Yk0b1I,0,0.5823105283580079,1,0.3601858814601919
USSEN/KS ROBERTS COACH,I8iMNndzlKU,1,0.4989127229417766,0,0.5871000328361919
USSEN/KS ROBERTS MISSING,_99zPXWayyg,0,0.5614162460431538,0,0.631898681829802
USSEN/KS ROBERTS MISTAKE,qlLw5-obItE,0,0.5270339358065388,1,0.44211056048194214
USSEN/KS ROBERTS RESULTS,LCLmp4-4DBU,1,0.5018565920340279,0,0.6711524419325101
USSEN/KS ROBERTS TROUBLING,YQD6PaYRuwg,0,0.5345532474163415,1,0.2910531627332821
USSEN/KS ROBERTS WHAT A JOKE,VdcQqobPqh8,0,0.5744767036327281,1,0.3170293689158066
USSEN/KS ROBERTS WORSE,1LmrKQo2NIM,0,0.5652760051301772,1,0.2887041017585245
USSEN/KS ROBERTS WRONG FOR KANSAS,QUzNKMXqYkM,1,0.46497874271493217,1,0.34373087525569185
USSEN/KY GRIMES 30 YEARS,G4nH43cmbyY,1,0.43735042158102083,1,0.3379342686699311
USSEN/KY GRIMES FIRED,Y1Rgs3yso8M,1,0.461579929740738,1,0.41597501307699297
USSEN/KY GRIMES IT'S TIME,u21gAKeOTF0,1,0.3327403294384333,0,0.5894298597127176
USSEN/KY GRIMES LOST IN BATTLE,6GJ5Cac7cYM,1,0.47414424830660296,0,0.6551536847233614
USSEN/KY GRIMES NOT OBAMA,z7Pa16JPUlY,1,0.4815420309349516,0,0.559598156114125
USSEN/KY GRIMES QUESTION FROM DAVID,ons-sexX2j0,1,0.35108758297320497,0,0.858012357701359
USSEN/KY GRIMES QUESTION FROM DON,HnG72T6t3-s,1,0.4219592711844113,0,0.5930157749514045
USSEN/KY GRIMES QUESTION FROM ILENE,Gab4eZgdzpU,1,0.36189616933886515,0,0.5777985066880229
USSEN/KY GRIMES RALLY,sMDmiflLv80,1,0.3635872499849717,0,0.5202503910046212
USSEN/KY GRIMES WENDELL,1rojBg1MfHc,1,0.4221668276202656,0,0.5596640559442733
USSEN/KY GRIMES WHERE WAS HE,ZZYHtzCCtG8,1,0.4517421115735076,1,0.39251322148804685
USSEN/KY GRIMES&DSCC PROUD MAN 60,iP_M0_AwY7E,1,0.3361124673925652,0,0.5499175799647686
USSEN/KY MCCONNELL AFTER ALL THAT,z_oWmuLRTes,1,0.37865942656959933,1,0.413482549573396
USSEN/KY MCCONNELL ANSWER ANYTHING,qBG5PfNcp9M,1,0.31436588971694507,1,0.44042435033813565
USSEN/KY MCCONNELL AS IF,JJmkOjBRhe4,1,0.2836803834399751,1,0.42281398709282636
USSEN/KY MCCONNELL CHRIS SEXTON,7tmog-MJHOc,1,0.33905287191009087,0,0.7543639412218481
USSEN/KY MCCONNELL COMMERCIAL,K0GB6lKH0pw,1,0.31652412160765386,0,0.7190981111074021
USSEN/KY MCCONNELL CONVINCE,RoJ-nOAWT3A,1,0.31825691632013486,1,0.40441084294964075
USSEN/KY MCCONNELL DEBBIE SMITH,SJ04b2qrihA,1,0.3161749663644351,0,0.7187766611788666
USSEN/KY MCCONNELL DIFFERENT DIRECTION 60,0B86hsZhKmM,1,0.36972559185911463,1,0.3399093266087073
USSEN/KY MCCONNELL DR SANDY,R59XywkUyTg,1,0.3300264497099356,0,0.7560204411379179
USSEN/KY MCCONNELL EMPTY PARKING SPACE,Jl6vHM_CBE8,1,0.3851300812228048,1,0.39499319067843036
USSEN/KY MCCONNELL FACT CHECKS,MJycGIFva7M,1,0.3142145901420483,1,0.5094316774604415
USSEN/KY MCCONNELL FARMERS,DQIpXidhQqc,1,0.37673747634463794,0,0.6781232534634196
USSEN/KY MCCONNELL FREEDOM,dtZCqHyIjl0,1,0.4720972764759541,0,0.6386917553452368
USSEN/KY MCCONNELL FREEDOM 60,n_J-K6lQw70,1,0.4664942814950992,0,0.7151354064527461
USSEN/KY MCCONNELL HYPOCRISY,XxSsolni6zQ,1,0.30978544576952904,1,0.44618385480958367
USSEN/KY MCCONNELL KATHY WALKER,drTVvto7od4,1,0.33461715868423797,1,0.36803719914510646
USSEN/KY MCCONNELL LAUGHABLE,-IbqSSO0Ldc,1,0.3488300910627021,1,0.40186115836548275
USSEN/KY MCCONNELL LEADS,oKekeACF3d8,1,0.3361627135321128,0,0.6064470478747128
USSEN/KY MCCONNELL LIFELONG,RrR8Xe1N1yg,1,0.344220486109028,0,0.775862681862108
USSEN/KY MCCONNELL NO EXPERIENCE,jtXcPamySC8,1,0.29254074082009585,1,0.43529124354104554
USSEN/KY MCCONNELL OUR VOICE FOR COAL,AUUuKwOilZ8,1,0.345577825002132,1,0.32678535680880477
USSEN/KY MCCONNELL PAUSES,SGPbQ6MvkUY,1,0.3384098942064396,1,0.4250481339224172
USSEN/KY MCCONNELL SAVED,aVrXWftBImA,1,0.3145542194380757,0,0.7213180239024378
USSEN/KY MCCONNELL SERIOUS TIMES,LomQCIZzA9s,1,0.27820728590966715,0,0.7099390137093224
USSEN/KY MCCONNELL STRONG KENTUCKY WOMAN,Rq8NhMvo0pY,1,0.3203870264448332,1,0.3448978879171121
USSEN/KY MCCONNELL THIS FALL,3TDRgcJ0tQA,1,0.3866033108683273,1,0.4220726537230845
USSEN/KY MCCONNELL TOUR BUS,0O9SF8BhsRQ,1,0.4083737674651601,1,0.4334981405351775
USSEN/KY MCCONNELL WILLIAMS,fG5Ws69wF0g,1,0.3955242956198493,0,0.6120065514941834
USSEN/LA CASSIDY A FEW WORDS,1PkJ2d6IQI4,0,0.7295213777815515,1,0.37491695148747867
USSEN/LA CASSIDY DUMB,VHqD6mekv-M,1,0.49642503394693427,1,0.39325515041322684
USSEN/LA CASSIDY EXEMPT,qYXF_9DRnhc,1,0.3946012488634752,0,0.7107440017819953
USSEN/LA CASSIDY I READ IT,-K9vJzPfw5A,1,0.2795363092494429,0,0.6974273290142957
USSEN/LA CASSIDY MISTAKE,us7RnWIu7u8,1,0.3128835663059667,0,0.5952145919581769
USSEN/LA CASSIDY SHE HAS CHANGED,l4FWHruqic4,1,0.4247278383324473,1,0.376018055867779
USSEN/LA CASSIDY TWO OBAMAS,RPdd0jVkaog,1,0.49690104896771115,1,0.4084198085680616
USSEN/LA CASSIDY YES WE CAN,6VRQwkE0II0,1,0.40162449747805856,1,0.4899702103687878
USSEN/LA CASSIDY YOUR TURN,0AJFxuO-Nu4,1,0.2952128904249068,1,0.39986154395655654
USSEN/LA CASSIDY&NRSC A MESS,irYt6H9AE3w,1,0.38279478727946237,1,0.38502138054074286
USSEN/LA CASSIDY&NRSC ANOTHER OBAMACARE LIE,fB3yB8nGFMs,1,0.42879348573149983,1,0.39886759924372284
USSEN/LA LANDRIEU CRAZY,N3eiLIbMbd8,1,0.44877514659293516,0,0.6818662640684081
USSEN/LA LANDRIEU ELECTRICIAN,_3-_JUGoGvo,0,0.6614900287609339,1,0.4034437021737979
USSEN/LA LANDRIEU EXTRA MILE,w3D0wyB9NcI,0,0.6759019572797108,0,0.7764910934857405
USSEN/LA LANDRIEU FATHER DAUGHTER 1,o57WvwHJMS0,1,0.33094873234318833,0,0.7247425360604562
USSEN/LA LANDRIEU FATHER DAUGHTER 2,DHjlbgjcJRg,1,0.3464530659159561,0,0.6527698033505775
USSEN/LA LANDRIEU FATHER DAUGHTER 3,XxNDGEvkMXo,1,0.3302389684688296,0,0.6206473466302351
USSEN/LA LANDRIEU LISTEN TO LOUISIANA,ExqR6B_GMGA,1,0.32141858655224853,0,0.6197545665262506
USSEN/LA LANDRIEU PK SCHEERLE,CAtfuqW1L-8,1,0.4216529731020585,1,0.4353114302141576
USSEN/LA LANDRIEU SHIP BUILDER,Id-G4R50T4A,1,0.4079717117736184,0,0.6922956018172293
USSEN/LA LANDRIEU WE'RE ALL WITH MARY,-ZzqgAmnAs8,1,0.4312977022728328,0,0.6822091905505425
USSEN/LA LANDRIEU WILL NOT REST,EQU87DQsYZ0,1,0.3975853998707818,0,0.6277878840464421
USSEN/MA BROWN ASBESTOS CLAIMS,p53HYpTu7Jk,1,0.447728232080175,0,0.573325288850424
USSEN/MA BROWN ASBESTOS VICTIMS,uizzOZFy7Dk,1,0.4488832112406734,0,0.6814917090089203
USSEN/MA BROWN BIPARTISAN SENATOR,qiq2130HAXI,1,0.448211534933055,0,0.6863321866463015
USSEN/MA BROWN CAUGHT IN A LIE,QNY4HL81oIU,1,0.43850312416291354,0,0.6620125376621636
USSEN/MA BROWN DIDN'T HAVE IT EASY,xf2iAj8ljRE,0,0.5221636597861063,0,0.7543567120211719
USSEN/MA BROWN FISHING INDUSTRY,AWFcqZjE2Zs,1,0.40132180770883796,0,0.7001903591466023
USSEN/MA BROWN GAIL HUFF 3,AWuVw_n4NSs,1,0.398969906493658,1,0.346594646261299
USSEN/MA BROWN HERITAGE CLAIMS,d0xWBRNrDfw,1,0.4022763491429546,1,0.3888458446177528
USSEN/MA BROWN HIRED GUN,n-WlHW4Tj0c,1,0.4430908739652909,1,0.38176699320420876
USSEN/MA BROWN INSIDER TRADING,aExxgbIuGlU,1,0.5102615223458989,0,0.6102933136424945
USSEN/MA BROWN KEEP TAXES LOW,jhxNO_VWVFM,1,0.4299952802945283,1,0.42233688405766007
USSEN/MA BROWN KONNIE LUKES,99L5Ipiw7FA,1,0.4153951233717166,0,0.6129895064472697
USSEN/MA BROWN LAURIE MYERS,vycWApIe_zw,1,0.41921460557853335,0,0.5578795792528738
USSEN/MA BROWN NEGATIVE ATTACKS,_sl4Gz56YFQ,1,0.44449603662373505,0,0.530273396778231
USSEN/MA BROWN PAUL WALSH,7wUQJTqGR3Y,1,0.4281312960426489,0,0.5552131737749463
USSEN/MA BROWN PAUL WALSH 2,UAp6tXNhTuU,1,0.4431954413973074,0,0.5468055572533546
USSEN/MA BROWN RAY FLYNN ENDORSEMENT,ysTh7eQlCTw,1,0.43316504413567286,0,0.6885624459090577
USSEN/MA BROWN SPRINGFIELD TORNADOES,Q_GX1NtbD_k,0,0.5745298292911588,0,0.6170581705419355
USSEN/MA BROWN SUPPORTS WOMEN,5kUdnLx5n5Y,1,0.41533081780814773,0,0.6752010158011006
USSEN/MA BROWN THE CHOICE,w9CETXKuPoU,1,0.40857552960961663,1,0.41298915489729904
USSEN/MA BROWN THOMAS HUDNER,Si38w4LZscs,1,0.4172253599276214,0,0.6901675580668386
USSEN/MA BROWN TOUGH ON THE MIDDLE CLASS,07Pid6Am69I,1,0.44352827693893554,0,0.6024476506648884
USSEN/MA BROWN VOTE THE PERSON,waEOB6v76A8,1,0.42739265390896447,0,0.5237547638063637
USSEN/MA BROWN VOTE THE PERSON 60,otMMS-lrg2A,1,0.36871739156540984,1,0.49182655933014435
USSEN/MA MARKEY HARD TO BELIEVE,HpXae-GKzf4,1,0.39180744276347085,0,0.6003764315367958
USSEN/MA MARKEY TOGETHER,i9zJf56gTCw,1,0.336029648131659,0,0.669404533231728
USSEN/MA WARREN ATTACKING MY FAMILY,4oIVinDXzOw,1,0.281741241488363,0,0.8147375839930197
USSEN/MA WARREN CLEAR CHOICE,hcAql-GCCwI,1,0.4489099094741633,0,0.516233104218785
USSEN/MA WARREN CORPORATE INTERESTS,U4PLPC75bco,1,0.43999345938196893,0,0.6169058203053734
USSEN/MA WARREN JUST ONE VOTE,L5kwaViRFWU,1,0.3750145242735637,1,0.4433424696812461
USSEN/MA WARREN MENINO ENDORSEMENT,ljXva87fDqc,1,0.4374693776859553,0,0.5726060658813283
USSEN/MA WARREN MESOTHELIOMA VICTIMS,eUDWjSNyTLI,1,0.40320629091386456,0,0.7093283772110723
USSEN/MA WARREN MESOTHELIOMA VICTIMS 2,mn9G7ZS_2Uo,1,0.412658348190653,0,0.6334493635610773
USSEN/MA WARREN MY FIGHT IS FOR YOU,EOgpW0CxKJo,1,0.3469557700870495,0,0.5855407887332962
USSEN/MA WARREN NOT A BAD GUY 60,l7EIBzZ6sxo,1,0.2980988295214029,0,0.848426225571237
USSEN/MA WARREN REAL FIGHTER,W8Lp66KISa4,1,0.41410711364802594,0,0.5965231843560129
USSEN/MA WARREN SAME OLD BATTLES,gDPcAbqCdR8,1,0.35440124968464337,0,0.8296768873933525
USSEN/MA WARREN STANDS UP FOR PEOPLE,OWoy9wceXl4,1,0.3748512697897496,0,0.6351940891814529
USSEN/MA WARREN STUDENT LOAD DEBT,1sLZD0Ne6_8,1,0.28892283584078554,0,0.593236370485138
USSEN/MA WARREN THE PEOPLE'S SIDE,OIm351vhQmU,1,0.44630101207820505,0,0.5887023178860153
USSEN/MA WARREN WOMEN'S ISSUES,GNpDs2o_J8c,0,0.5886020309319554,0,0.6494049444786288
USSEN/MD CARDIN HEAVY LIFTING,TE8sPAyegFo,1,0.44129762328105093,0,0.6492086440074674
USSEN/MD CARDIN LUCKY,Uw0Tef_HgsM,1,0.4351860361916986,0,0.6262014468894989
USSEN/ME BELLOWS CONVERSATION,AF8N1iEq7Rk,0,0.5856261404657954,0,0.5994426676130366
USSEN/ME BELLOWS FRANK,EbyPhDkVQfs,0,0.5900723202537018,0,0.6786086354134161
USSEN/ME BELLOWS I WOULD,G3uTHvjvJys,1,0.37152249891607203,0,0.80156467072208
USSEN/ME BELLOWS LILLIAN,vXofTZzDQZE,1,0.43621420233473623,0,0.6621385417568116
USSEN/ME BELLOWS MAINE ROOTS,2OWWMMYVT3A,1,0.3564361066064487,0,0.6237282470494857
USSEN/ME BELLOWS MAKING IT,U_M2W80wfac,1,0.41725659820736183,0,0.6812241306453308
USSEN/ME BELLOWS STAND WITH YOU,-et__psVgNk,1,0.41361886129053727,0,0.6563622324330798
USSEN/ME BELLOWS STEPHEN KING,kej8f6wa9Xk,1,0.28543790531273355,1,0.4084919136871291
USSEN/ME BELLOWS WALK,uQhFggwJtDg,1,0.40236695611794265,0,0.711714450676821
USSEN/ME COLLINS ADVOCATE,4dt1mH7o640,1,0.3547263198598155,0,0.5905972078467776
USSEN/ME COLLINS ALWAYS THERE,P6wQUV0U5vo,1,0.3665804539046053,0,0.5987094820488488
USSEN/ME COLLINS BATH IRON WORKS 60,HdfVBkuNEwc,1,0.362876400296661,0,0.6415402044729074
USSEN/ME COLLINS EDUCATION AND TRAINING,UUiuSDJMbSs,1,0.40311624212253694,0,0.6295333144289631
USSEN/ME COLLINS FEED 60,vVn-4AvjAao,1,0.37765094274656114,0,0.5975452799518487
USSEN/ME COLLINS LEAD THE WAY,3mnRFVY2wmU,1,0.09345579576077638,0,0.6175236219736799
USSEN/ME COLLINS OUR SENATOR,xRm2fkgtMo4,1,0.32120495022393336,0,0.5630671145845965
USSEN/ME COLLINS OUR SENATOR BANGOR,H_jorY4_Bus,1,0.38620121672402846,0,0.6227610018704426
USSEN/ME COLLINS OUR SENATOR PORTLAND,yys4NKRb-o0,1,0.39607766049883286,0,0.659456401710041
USSEN/ME COLLINS REMEMBER,Da9DWdFDqBM,1,0.34815927846755473,0,0.5380816374678712
USSEN/ME COLLINS SAVED,n2mGe2dx9zk,1,0.33433356415535315,0,0.6248683704909612
USSEN/ME COLLINS THE JOURNEY,VTEvyoz2_-Y,1,0.3678906719629769,0,0.677360615797694
USSEN/ME KING GODZILLA,pTyD7k8ZS7o,1,0.31876026144679065,0,0.622686321850397
USSEN/ME KING KNOW THE TRUTH,UMYIXQglB3I,1,0.33303631475318385,0,0.5271122140436098
USSEN/ME KING NEW INDEPENDENT DIRECTION,FuJ6kz_OvpU,1,0.31357160599624256,0,0.5878280988259557
USSEN/ME KING STAKES ARE HUGE,iJcGyS7sJDk,1,0.28370324951465475,0,0.6054456235041014
USSEN/ME KING THERE THEY GO AGAIN,fZgmydmDduk,1,0.32549269642571826,0,0.6236058924844061
USSEN/ME KING THINKS INDEPENDENTLY,-mSr7xr30-k,1,0.4377643206570659,0,0.5173663704132121
USSEN/ME KING UNIQUE LIFE,c-JCOuhNpBc,1,0.37274539758849545,1,0.4823370633274595
USSEN/ME NRSC&SUMMERS LIVED IT,wLnHnYUdtdk,1,0.39911993026532494,0,0.5480817771463978
USSEN/ME NRSC&SUMMERS WORST THING WE COULD DO,e4qqNaZKP3E,1,0.37394311918089146,1,0.3549302730268538
USSEN/ME SUMMERS BUDGET SHORTFALL,lahBNPT4IPM,1,0.44099685259821986,1,0.45388517956128804
USSEN/ME SUMMERS MEET CHARLIE,CJm-Q4EfMbI,1,0.4904106091364308,0,0.5392649127367277
USSEN/ME SUMMERS SOCIAL SECURITY AND MEDICARE,6UkPs1n66qM,1,0.4321986445701224,0,0.5853819478798827
USSEN/MI LAND BAD LOANS,F3WOFHcre20,1,0.3479049371587965,1,0.41199500757051893
USSEN/MI LAND BORDER CRISIS,SXPi-RbYj5g,1,0.33827891429556933,1,0.3390320713977266
USSEN/MI LAND CRISIS AT THE BORDER,5lp5KRd36bU,1,0.35738365776832476,1,0.35654847060946837
USSEN/MI LAND I PLEDGE,rkqKqcQE3nc,1,0.390179059688583,0,0.6091796025163583
USSEN/MI LAND MICHIGAN FIRST,-FfQpL-S0hI,1,0.36467854684312173,0,0.6006539703038611
USSEN/MI LAND MICHIGAN FIRST PLAN,WSKcJrcZ6HQ,1,0.34557596745793745,0,0.7299152696420084
USSEN/MI LAND MOMS GET THINGS DONE,vm2rAUaubxw,1,0.3411459502514447,0,0.6986347872000318
USSEN/MI LAND PROFITING FROM POLLUTION,q4bMJa8b0gk,1,0.34141381015481975,1,0.3103928056606049
USSEN/MI LAND REALLY,dc_AAje-4l0,1,0.3831294854327189,0,0.7012794304954247
USSEN/MI LAND ROADBLOCK,E4qfpe81114,1,0.3764429442971767,1,0.453354564155907
USSEN/MI LAND STOP FIGHTING START LISTENING,iWbfqEUf0Qo,1,0.32620992947664473,0,0.6746652634675125
USSEN/MI LAND SUCCESS STORY,E2hpSswMoqc,1,0.37247698841764637,1,0.49666203067806647
USSEN/MI LAND WAR ON MICHIGAN,sgREGcJ-OTc,1,0.3695758369358841,0,0.5584142955707959
USSEN/MI LAND&NRSC SIPHONED OFF,dXvWkdyx8ro,1,0.32049276046518216,1,0.5109515378613997
USSEN/MI PETERS FRUGAL,Njz0Dqc0EbU,1,0.28372827083906554,0,0.6249751436568343
USSEN/MI PETERS SON OF A WORLD WAR II VETERAN,EMBQQBUoY-0,1,0.31132574459265805,0,0.6212406525699344
USSEN/MI PETERS&DSCC HEROIC 60,YwVKxoybOUk,1,0.28599513298033974,0,0.6052783579335673
USSEN/MI STABENOW COUNTERFEIT CHINESE PRODUCTS,dcNDu2bBsHU,1,0.39237831871476025,0,0.5759005202290837
USSEN/MI STABENOW CUT MEDICARE,LxA4wd2b1Do,1,0.32580130292418624,1,0.33109355586514605
USSEN/MI STABENOW DISHONEST AND RIDICULOUS,BgPs8bPW9KI,1,0.3804227532635285,1,0.3631306260681553
USSEN/MI STABENOW FARM BILL,Or3WQRW4Kq4,1,0.4064910818675556,0,0.5689503008859369
USSEN/MI STABENOW FARMERS,9vTp_G9lJLI,1,0.4156907815488654,0,0.6069246423302299
USSEN/MI STABENOW NEWSPAPER ENDORSEMENTS,SIHByr5aS3Q,1,0.3669386284908557,0,0.5349866802957839
USSEN/MI STABENOW ROGERS FOAM,x4cXoodCFvY,1,0.36670164762348706,0,0.6165891539406959
USSEN/MN FRANKEN ALL TOGETHER,uTYtmPYUKdA,1,0.34016942161246405,0,0.6262260580384788
USSEN/MN FRANKEN BERMUDA,Zg3rbEbrRqc,0,0.5224316810583153,1,0.11181324794167354
USSEN/MN FRANKEN COMMON DECENCY,afXNiDsMTwo,1,0.4641669782087476,0,0.7044376418140547
USSEN/MN FRANKEN FOOD SAFETY 60,6R8l9WaHd4o,0,0.5770002386936596,0,0.612833976172287
USSEN/MN FRANKEN GRIDLOCK,CAk3W7VhU74,1,0.4099976187643298,0,0.6111296167767535
USSEN/MN FRANKEN HEAD DOWN,oSyzwg_v7u4,1,0.33954128983192017,0,0.6232678874230079
USSEN/MN FRANKEN HOLLY 60,LzGRSFy09HI,1,0.28547126759791086,0,0.6277688578298757
USSEN/MN FRANKEN JOBS,b0ZfQ3QQY0A,1,0.3966825814067431,0,0.6706292753177683
USSEN/MN FRANKEN LUCKY,J4S0ZarnyMI,1,0.4725434900855858,1,0.12410778497853993
USSEN/MN FRANKEN MENTAL ILLNESS,49FCZlXk9_o,1,0.36096912968780315,0,0.6950170276548083
USSEN/MN FRANKEN POSTCARDS,QsHqB4CPu40,1,0.4393901289817091,1,0.11190498862037382
USSEN/MN FRANKEN RIGGED,Mzh9KTh2KrU,1,0.38561849666746045,0,0.6744819051145594
USSEN/MN FRANKEN SERIOUS,xuJm0BnbcSQ,1,0.418295373277912,1,0.41836470395642605
USSEN/MN FRANKEN SIGNED INTO LAW,hgwHVTv6rvY,1,0.35138278357283637,0,0.6404882457319407
USSEN/MN FRANKEN SPECIAL BREAKS,3BbAiy_QVf8,1,0.3287117754127058,0,0.7463618982677215
USSEN/MN FRANKEN THE MILL 60,X4N0nF4mSbk,1,0.49436985454815835,1,0.501435198712631
USSEN/MN KLOBUCHAR BETSY SATHERS,G65k72N9Z4I,1,0.37521024365397565,0,0.64740880668398
USSEN/MN KLOBUCHAR CHAMPION,FHdhSYf_IwM,0,0.5814324049652637,0,0.6107513511214109
USSEN/MN KLOBUCHAR GET THE ECONOMY MOVING,2b63Mqi99uk,1,0.37775518250488616,0,0.6387665022156963
USSEN/MN KLOBUCHAR MY MOM,wpUY6gwDHMM,1,0.4320537504707035,0,0.5889447684655015
USSEN/MN KLOBUCHAR PAUL WALSER,NELmhoBwO-4,1,0.3960859138884002,0,0.5358489822097667
USSEN/MN KLOBUCHAR VETERANS BENEFITS,L66I6mQXkRQ,1,0.39448312654980494,0,0.6107478403856168
USSEN/MN MCFADDEN 97 PERCENT,uO9jwADqGpg,1,0.4337734604105129,1,0.42366429673314737
USSEN/MN MCFADDEN CLUE,4AtS0rtrlzk,1,0.40279596792905736,1,0.4596057264681126
USSEN/MN MCFADDEN DEBATE PART ONE,4kE4Z36nL7M,1,0.4391747348289197,0,0.7077662237113859
USSEN/MN MCFADDEN DEBATE PART TWO,JZNZMyycYo0,1,0.5071003245742111,0,0.6405898286176822
USSEN/MN MCFADDEN HIDING 15,ANqhltykvXQ,1,0.5050516791394483,1,0.4575409802817191
USSEN/MN MCFADDEN IT'S TIME,2FvbJjYuMX4,0,0.5754607928754987,0,0.6243001950480057
USSEN/MN MCFADDEN MISSED THE MARK,6vD8oDRy5dc,1,0.38676932694280813,0,0.7201862887050058
USSEN/MN MCFADDEN MOLLY,m00WdJOfeao,1,0.3504434506903987,0,0.5637149713032285
USSEN/MO AKIN 6 YEAR RECORD,7KEyweLBzrs,1,0.38298710750604537,0,0.8566628781801807
USSEN/MO AKIN BROKE OUR TRUST,WxAFTbwqVW8,1,0.38395013767547187,1,0.435083141915706
USSEN/MO AKIN CORRUPT CLAIRE,lWi178102lo,1,0.398856383368672,1,0.4742979906407017
USSEN/MO AKIN GETTING RICH OFF US,NYG8pXyT1n8,1,0.3978858554729103,1,0.44572283766094706
USSEN/MO AKIN HUCKABEE ENDORSEMENT 3,oqTepM3We_U,1,0.3906364159933262,0,0.5921506419019047
USSEN/MO AKIN I APOLOGIZE,R57E3S8RO7A,1,0.411287705993476,0,0.7985771381326724
USSEN/MO AKIN MISLEADING DECEPTIVE FALSE,OPtwl08gCME,1,0.4482805283320679,1,0.44586253140477067
USSEN/MO AKIN SELLING US OUT,ESAZbG4V8Co,1,0.39697081867581296,0,0.8219882723390567
USSEN/MO AKIN STRONGER FAMILIES,9LD24QJaDuU,1,0.4027985645761555,0,0.605410606463236
USSEN/MO MCCASKILL CHINESE TRADE VIOLATIONS,XlpIuI0vDbA,1,0.38935953243894933,0,0.5910888108333897
USSEN/MO MCCASKILL COMMON SENSE WAY,MrhfG0BT2KU,1,0.30785824770661,0,0.5550597639403865
USSEN/MO MCCASKILL EMERGENCY CONTRACEPTION,PcpvqEtn-qU,1,0.39010575191249575,1,0.43608793830512527
USSEN/MO MCCASKILL EMERGENCY CONTRACEPTION 2,ySuGj2vA8_E,1,0.38987582955145694,0,0.7624801088819733
USSEN/MO MCCASKILL EMERGENCY CONTRACEPTION 3,sxLuYfylgN4,1,0.384796859366894,0,0.7666134742019519
USSEN/MO MCCASKILL FAMILY AND MO FIRST,Q63ih_EuTic,1,0.37103677394495393,0,0.5893199924291989
USSEN/MO MCCASKILL NOT FROM AROUND HERE,1AM4OjHVuKo,1,0.3748581468050932,0,0.6165716847668604
USSEN/MO MCCASKILL NUMBER 50,jrqAIuC4Yr0,1,0.3765885543755869,1,0.5088919601673811
USSEN/MO MCCASKILL SCARY,Ag0iHDkXNrg,0,0.567097299916462,1,0.48717162732803815
USSEN/MO MCCASKILL SHARED VALUES,1Ml6kP3TIzg,1,0.3305094562573329,0,0.5801564161172511
USSEN/MO MCCASKILL SHARED VALUES REV,PIH_Xzvm24k,0,0.5382750779133084,0,0.6578352111305451
USSEN/MO MCCASKILL SOCIAL SECURITY AND MEDICARE,b5uiezh0dqE,0,0.5894660859549198,0,0.5621208200549125
USSEN/MO MCCASKILL STUDENT LOANS,a1BTJ11-o2k,1,0.41444800791347175,1,0.39345359552886605
USSEN/MO MCCASKILL TIMELINE,uT3wcMsb8GA,0,0.6192468843450998,1,0.44144544120414475
USSEN/MO MCCASKILL TRUE COLORS,VmaEDYPLS2s,1,0.3872331570251918,0,0.7633849541979653
USSEN/MO MCCASKILL VETERANS AFFAIRS,pJ5mY7Y0nbI,1,0.38359368644299324,0,0.609691924216142
USSEN/MS COCHRAN SO MUCH AT STAKE,Z_YZgDg3J88,1,0.3060858340776013,0,0.5456029408236265
USSEN/MS COCHRAN WORKING,VHXjbgkbJGs,1,0.33218557930038317,0,0.617106620843753
USSEN/MT CURTIS ONE OF US,yy4jOjfxSDg,1,0.3640573492190522,0,0.6399794435001344
USSEN/MT CURTIS WE HAVE TO FIGHT,9kEunDRv1KI,1,0.3458352918049555,0,0.6750752694579647
USSEN/MT DAINES BALANCED BUDGET,WNgAr7lxCXA,1,0.27034099617263607,0,0.6710463722145127
USSEN/MT DAINES CHARACTER,FwTHMcUpGU4,1,0.41741302650959516,0,0.5980439906807523
USSEN/MT DAINES CINDY REV,vp-4LNN_fsU,1,0.2552289327076122,0,0.601110537388898
USSEN/MT DAINES ED REGAN,RMd8Lr3cmlM,0,0.5903117666007291,0,0.6788805171864974
USSEN/MT DAINES INJUSTICE,J-n2gIM3KNM,1,0.34892176586296125,0,0.6678522552811063
USSEN/MT DAINES MONTANA JOBS,oMFjPLSdt9c,0,0.6113523863178272,0,0.5919156960541978
USSEN/MT DAINES MOTIVATION,enDMt5fzAaw,1,0.27870150607258737,0,0.5740334032916552
USSEN/MT DAINES PUBLIC LAND,xJ7eZwbXhvI,1,0.45184001829127235,0,0.6369389040465867
USSEN/MT DAINES SOLEMN,u0ZUX4DdHQg,1,0.3366196749455497,0,0.6789549636460267
USSEN/MT NRSC&REHBERG ENGINES OF ECONOMIC GROWTH,9uAUFSEs6YI,1,0.46665565057053354,0,0.6296180086811737
USSEN/MT REHBERG BALONEY 3,14J2g_lgmQo,1,0.3515042016602067,1,0.3356981770857357
USSEN/MT REHBERG BALONEY 4,aJXnistC8rk,1,0.34763879900179695,0,0.7238155469108807
USSEN/MT REHBERG COAL REGULATIONS,tAjFNueAS7k,1,0.34770394634501883,0,0.6548807147466188
USSEN/MT REHBERG GIVE IT THEIR ALL,vSnhMy4cMD4,1,0.3813167792872894,0,0.6445608110093228
USSEN/MT REHBERG JUST DOESN'T GET IT,2DRmzn6mnTM,1,0.42538038342662843,0,0.6726019484868918
USSEN/MT REHBERG LINDA & MARSHA FREY,y5L7-nAVWYQ,1,0.35849628502219416,0,0.6950791872259449
USSEN/MT REHBERG NIGHT AND DAY,eG2HgLugl00,1,0.3070645762799212,0,0.8558708089507591
USSEN/MT REHBERG NOT TRUE,Qa3Vkx7mXzY,1,0.47782715547042975,0,0.5294757865125281
USSEN/MT REHBERG ROMNEY ENDORSEMENT,oVSv6lD227Y,1,0.3434407532304475,0,0.7781135079676015
USSEN/MT REHBERG TALK IS CHEAP,WDC11geqCZA,0,0.5325062154451224,1,0.4818552686461977
USSEN/MT REHBERG TRADED OUR VALUES,CErRmd6VqRI,1,0.348120730839009,0,0.5605000499935754
USSEN/MT REHBERG VOTES WITH US,zbfgVu3POOw,1,0.35437252763322774,0,0.5839163406466626
USSEN/NC HAGAN ANNA,hlE-rGmI2uM,1,0.29967178052125004,1,0.365046532394957
USSEN/NC HAGAN ATTACKING FAMILY,pDC9TiSzW54,1,0.3012383263878956,1,0.36382600588180286
USSEN/NC HAGAN EDUCATION MEANS OPPORTUNITY,UvwDMcHq7qM,1,0.3259057762885916,1,0.31276716934622895
USSEN/NC HAGAN FABRIC,Uu5WrnsXeUA,1,0.31299548497670887,0,0.6852484225852833
USSEN/NC HAGAN FOR JANEY,6kGZvwVlWlQ,1,0.31051125317775896,0,0.6682372320881983
USSEN/NC HAGAN LOW,SasFja3vFtQ,1,0.3051735067710962,1,0.34957981284008843
USSEN/NC HAGAN MAJOR NEWSPAPERS,813N-Y-rmJQ,1,0.3072547596295279,0,0.6392059373022663
USSEN/NC HAGAN NEVA,jrNF4VGfmvc,1,0.29939927274459666,1,0.29131516697100635
USSEN/NC HAGAN SAME TEAM,Y4OQZ1I6xVg,1,0.30305668589232376,0,0.5793862641744469
USSEN/NC HAGAN TELL THOM TILLIS ANNA,KPJel1qFStU,1,0.2940038433615479,1,0.35180823851939125
USSEN/NC HAGAN TELL THOM TILLIS JUSTIN,WA2e5sOcRyA,1,0.2932206036957987,1,0.2813130772377898
USSEN/NC HAGAN TELL THOM TILLIS MEGAN,Z7ZKmpZpr-E,1,0.2979802111687839,0,0.5325164651363683
USSEN/NC HAGAN TELL THOM TILLIS SHEREE,jXjyKU_V0TA,1,0.2959337473175354,1,0.2887393986794898
USSEN/NC HAGAN TOUGH ENOUGH,VIn9Jzn1rss,1,0.3038233307747873,0,0.6972353695964911
USSEN/NC HAGAN VAIN,dgT6s67Jsas,1,0.2924871113446307,0,0.678602673290866
USSEN/NC HAGAN&DSCC IMPORTANT ISSUES,7pRwnjLAAf0,1,0.2996810382599023,1,0.37619092052826597
USSEN/NC HAGAN&DSCC RECORD,5IlKNIu4uTQ,1,0.30585314047758466,1,0.3312784098109172
USSEN/NC NRSC&TILLIS MATH,PHIuN0b0QzA,1,0.2967114079065154,0,0.5829243773891432
USSEN/NC TILLIS CHANGE DIRECTION,4L-FCU_TbCE,1,0.3779018370668265,1,0.39249359200900497
USSEN/NC TILLIS KAY HAGAN DID COCKTAILS,ER2fcFiCPy8,1,0.4408281817739168,1,0.4603216498948846
USSEN/NC TILLIS LONG CAMPAIGN,fkcUDPnYvFY,1,0.2808721508444773,0,0.753425012381565
USSEN/NC TILLIS NANCY ANDERSON,nLTHt3NRJDg,0,0.602315769623568,1,0.3029361407409897
USSEN/NC TILLIS PUSHED FOR STIMULUS,f2eM40W6PME,1,0.27752821069194794,1,0.4028458227691444
USSEN/NC TILLIS&NRSC KITCHEN,ZaJa4VFsAfQ,1,0.33035229183887427,0,0.5886598925535137
USSEN/ND HEITKAMP BATTING CAGE,gVr9cirHglk,0,0.582674022978944,0,0.7171514492268045
USSEN/ND HEITKAMP COLLEGE AID,yJrO2_zN390,1,0.40874716792236027,0,0.628754081343893
USSEN/ND HEITKAMP HEROES HEALTH CARD,QtGhZJYoZzU,1,0.36123404783343205,0,0.6294724898302054
USSEN/ND HEITKAMP OIL REFINERY,8HNoavveI8o,1,0.4073651534057726,0,0.8572619795738089
USSEN/ND HEITKAMP ONLY ANSWER TO YOU,6hZH5G1e26Y,1,0.4376534630531465,0,0.839691465439112
USSEN/ND HEITKAMP PAY OUR OWN WAY,z9ToeIhKgXc,1,0.4276092446868233,0,0.6904533151778394
USSEN/ND HEITKAMP STRENGTHEN MEDICARE,BV0S9VN7cT0,1,0.3783657912264988,0,0.6685667607531679
USSEN/ND HEITKAMP VOTE FOR THE PERSON,pk2BrRdDUdI,1,0.36961882819453673,0,0.8579048306265652
USSEN/NE DOMINA BUSINESS AS USUAL,i6M5jZGxwxs,1,0.35751676637510316,0,0.7019382223700971
USSEN/NE KERREY A CHOICE,pb7TUVyU5V0,1,0.31602635466186374,0,0.6432446023355292
USSEN/NE KERREY BORN AND BRED,wdXgLwudgeQ,1,0.31865271219845254,0,0.6481639837269831
USSEN/NE KERREY BOTH WRONG,tiBfCiam1qI,1,0.33540413161208343,0,0.5994389956722105
USSEN/NE KERREY CHUCK HAGEL ENDORSEMENT,-4S2roTsLkw,1,0.33302863146911266,0,0.6805765891700891
USSEN/NE KERREY KIMES RANCH 2,rTKFlcubJCo,1,0.4764371165218038,1,0.4505104902282815
USSEN/NE KERREY KIMES RANCH 60,it_Bfj0oKtQ,1,0.5063392727339106,1,0.428619883098397
USSEN/NE KERREY NO SUBSTITUTE,3t2XbavAmSo,1,0.31567644959611424,0,0.677860351603229
USSEN/NE KERREY RELENTLESS DETERMINATION,NDLbQDFbQrE,1,0.33624938559988987,0,0.640629184593401
USSEN/NE KERREY WASHINGTON IS A MESS,PM2E78gtD9k,1,0.34189811082716387,0,0.6086468272694241
USSEN/NE SASSE BEN'S NEBRASKA 60,zx1g79Kd-iQ,0,0.5596948064211683,1,0.5121615699171806
USSEN/NE SASSE NINETY-THREE,ZLl0CxuWmxA,0,0.528036968273892,1,0.5060353083438326
USSEN/NH BROWN BROKEN PROMISES,4lLRvkLxkwE,1,0.374979754077416,1,0.34070676333661387
USSEN/NH BROWN ECONOMY NOT WORKING,QOIRIYlj7ns,1,0.44820112568612486,0,0.5377531903519315
USSEN/NH BROWN FOR NEW HAMPSHIRE,a0JuRRnzWfw,1,0.3870354254465471,1,0.3650221163979083
USSEN/NH BROWN INDEPENDENCE,cgwWljY4YcI,1,0.3857210331148953,0,0.7910477348683632
USSEN/NH BROWN INDEPENDENT,VIfUcw65G1g,1,0.304553229447274,1,0.339056200013054
USSEN/NH BROWN KEEP AMERICA SAFE,sM6iFb2yJbI,1,0.3755011115094794,1,0.33723982201376934
USSEN/NH BROWN MAKING ENDS MEET 15,cXrf295CXg4,0,0.6096347994507647,1,0.36743444505950257
USSEN/NH BROWN MAKING ENDS MEET ENERGY TAX 15,Nu0Ou8i0qhY,0,0.6059050175677863,1,0.3507892594465241
USSEN/NH BROWN PROTECTING AMERICA'S FREEDOM,jLEclXiQ_ks,1,0.4141448024325257,1,0.4402414307083601
USSEN/NH BROWN ROLL CALL 15,0e6Ot6qDkPs,1,0.3651550905276815,1,0.3114169950709353
USSEN/NH BROWN SECURE BORDERS,WQi4WBSc-hk,1,0.3883723269024021,0,0.8103583662675298
USSEN/NH BROWN SHAHEEN'S SMEAR,jvrDKLw9PyE,1,0.4472638757953164,0,0.8108938372046766
USSEN/NH BROWN&NRSC LEEANN,9gc_67f2w8U,0,0.5706408895367124,0,0.6251520816351017
USSEN/NH BROWN&NRSC LEEANN 60,wNCfa3f03FU,1,0.45478058241608443,0,0.6411479543759225
USSEN/NH SHAHEEN BATTLING,7ONzIzXzQZs,1,0.35626956353012096,0,0.5983371357736315
USSEN/NH SHAHEEN BREAKTHROUGH,pOMd9BHey-A,1,0.3330728344061947,0,0.6556562358570066
USSEN/NH SHAHEEN CARED,PwzZCdWhTXQ,1,0.40223683212523725,0,0.6298019117022314
USSEN/NH SHAHEEN CARED 60,rRcwLSUjcTw,1,0.40586616108113455,0,0.594894007215178
USSEN/NH SHAHEEN FOR YOU,S-VrSszsTL0,1,0.333347797846698,0,0.5898103040352449
USSEN/NH SHAHEEN FORCED,q8na2LUlymY,1,0.40616004568955594,1,0.3988506687784809
USSEN/NH SHAHEEN GRANITE STATE,jwDJRvoNrdo,1,0.36057182482467404,0,0.630593471168596
USSEN/NH SHAHEEN KIDS,Kn_MynC-Kso,1,0.3061886549280474,0,0.5882326002293116
USSEN/NH SHAHEEN MAKES A DIFFERENCE,je3b7C1bUQo,1,0.36124682567169303,0,0.6073280475148904
USSEN/NH SHAHEEN NATIONAL SECURITY,NBxOzgYpGA4,1,0.3361298633449338,1,0.4865077511078527
USSEN/NH SHAHEEN NOT HOW HE VOTES,JtI9pOHK5rI,1,0.35157552140966625,1,0.4636824142900798
USSEN/NH SHAHEEN OPEN,0m7ND7Ep53E,1,0.37777848385553003,0,0.646327139155701
USSEN/NH SHAHEEN PROFITABLE,1mroNmJWvr8,1,0.3297211021733355,1,0.4452192431144901
USSEN/NH SHAHEEN PROOF,hnYnnnsNEC0,1,0.4395062502749322,0,0.5926189534899442
USSEN/NH SHAHEEN REALLY FOR NH,M2FUYeOWDYY,1,0.35200828480265095,1,0.4100379782825391
USSEN/NH SHAHEEN SELLING OUT,Wzfmij9zGH4,1,0.33741360925629593,1,0.3776611976376485
USSEN/NH SHAHEEN STEEL,rWSLytnNi6c,1,0.38679992770994126,0,0.6172274528110995
USSEN/NH SHAHEEN STUDENT DEBT,z91iKJhsDKc,1,0.3188797438449177,0,0.6464737435418995
USSEN/NH SHAHEEN&NHDP THERE'S A CLEAR CHOICE,UTK0-RC-B6U,1,0.4340376590181053,0,0.6150761039974837
USSEN/NJ MENENDEZ ALL ABOUT FAMILY,5NpDhOINxuo,1,0.26445192796624734,0,0.5935735637703214
USSEN/NJ MENENDEZ EDUCATION SPENDING,ODk2fE8TTeU,1,0.388053953631869,0,0.6641895422456244
USSEN/NJ MENENDEZ MIDDLE CLASS UNDER ATTACK,OfjfJSjkWIY,1,0.3267971241778852,0,0.6793333188349848
USSEN/NJ MENENDEZ REBUILD THE MIDDLE CLASS,G29LU2TN0SU,1,0.3975125559151104,0,0.6053987152634399
USSEN/NJ MENENDEZ THIS IS WHO I AM,BM9WeKIPhZo,1,0.37172326503627445,0,0.5944282354767437
USSEN/NM HEINRICH 14 YEARS AGO,tH2uY5dhrd4,1,0.4190932920111616,1,0.37160850900321224
USSEN/NM HEINRICH A LONG TIME,U6FBcByIc5o,1,0.4944068035300483,1,0.40946398907602977
USSEN/NM HEINRICH DIRECTION,5d5d4YsBTM4,1,0.4286811184861484,0,0.5405527160068
USSEN/NM HEINRICH HERE THEY COME,ujtQKUURbrI,1,0.4324681394244482,1,0.4090611114703405
USSEN/NM HEINRICH KNOWS WHAT'S IMPORTANT,hIWa6NgStso,1,0.3838484206634252,0,0.6479515381008695
USSEN/NM HEINRICH LIVING WITH DIGNITY,mcLPWrOCVrM,1,0.37743793495026945,0,0.5553377856942471
USSEN/NM HEINRICH MILITARY FAMILIES,O9-3M1Lwzfs,1,0.42402012811208833,0,0.689618787470892
USSEN/NM HEINRICH PRIORITIES,fka_UisLg0I,1,0.36838340927938695,0,0.6250065060958291
USSEN/NM HEINRICH STRUGGLING TO GET BY,8NIJ1LRCvsU,1,0.37638296922616404,0,0.6252816880098662
USSEN/NM HEINRICH TO DO LIST,Yjd-0191xs4,1,0.41017064864460206,0,0.5550793933785633
USSEN/NM HEINRICH TOP 5 WAYS,x4JCQjMS2s8,1,0.33274597024302216,0,0.6501487629407916
USSEN/NM HEINRICH VALUES & PRIORITIES,8o0oDEMmI9Q,1,0.41679044445325397,0,0.5947086750395202
USSEN/NM NMDP&HEINRICH LEVEL PLAYING FIELD,RL2_jeNkVLQ,0,0.623292766435739,1,0.4011130423283507
USSEN/NM UDALL BEST PART,JG8C_9yLHvw,1,0.44201607898715245,0,0.6114929480642034
USSEN/NM UDALL DOESN'T FLY,jCdN-QrxVdw,1,0.5030949704905232,0,0.6141881226850696
USSEN/NM UDALL GOOD MAN,uMI7CFKhr2I,0,0.5467067583628609,0,0.6214194889185111
USSEN/NM UDALL SCARY IDEA,_foJB3KQbZ8,0,0.6670944470833985,1,0.3963405504078308
USSEN/NM UDALL SO WHAT,ckbCql-yDI8,0,0.6353073760484081,1,0.42544660970337644
USSEN/NM UDALL VOIDED,VrixJTUCaEM,1,0.41673175863844136,1,0.4116750825710742
USSEN/NM UDALL WHAT KIND OF SENATOR,BD8kyolrc78,0,0.6574824473967118,1,0.4486516152322264
USSEN/NM WEH BECKY'S STORY,dk34KntxfWM,1,0.3751513074140039,0,0.6211174686499905
USSEN/NM WEH NEGATIVE ATTACKS 15,LUjcvsXrWCI,1,0.339900460919979,0,0.6665251113066643
USSEN/NM WEH RESTORING LEADERSHIP,ICrfQLVyeCo,1,0.38709967084153263,1,0.4173484795339871
USSEN/NM WEH SO WHAT,fxTCP1T7cjo,1,0.4396610708515418,0,0.6272261890297844
USSEN/NM WEH THEY'RE PAYING FOR IT,mbkQaRYEx-U,0,0.5956346790263051,1,0.4611674751563624
USSEN/NM WEH UDALL FOR OBAMACARE,WqNoAbZuV9E,1,0.45133662882732584,1,0.32079329978790266
USSEN/NM WEH WASHINGTON IS BROKEN,5WBzikrjTwc,0,0.7934735030629568,0,0.8043427003248668
USSEN/NM WEH WHAT DOES THAT TELL YOU 15,xilEuODUiWc,1,0.41553122592837605,0,0.6367633596229543
USSEN/NM WEH WHO'S DOING BETTER,d0KV6S3_100,0,0.5241149448597084,1,0.3684064279323539
USSEN/NM WILSON AIR FORCE ACADEMY,VZos36SgHL8,1,0.3173751852013039,0,0.8638524923473992
USSEN/NM WILSON BARRIERS WERE MEANT TO BE BROKEN,EJ5bcNCOL-w,1,0.3226183973704504,0,0.7542896935674329
USSEN/NM WILSON DEFENSE CUTS,SGA6V1u-17k,1,0.35808715844733463,0,0.7881148022391157
USSEN/NM WILSON DEMOCRATS,BY6igjxj0Fc,1,0.43799204809449066,0,0.80381171869777
USSEN/NM WILSON EXTREMIST LEFT WING POLITICS,p62fBLbRUeg,1,0.36902723741211824,1,0.44697643972565365
USSEN/NM WILSON HONOR CODE,dsi8BhRFflE,1,0.4244154032024292,0,0.701153874758967
USSEN/NM WILSON HOW I SEE IT,WSHRuQlD0qQ,1,0.30907487544557216,0,0.8555661296965631
USSEN/NM WILSON KNOWINGLY,mcNOhUkbYG4,1,0.29441040225340886,1,0.4083600578262136
USSEN/NM WILSON MAKING THINGS WORSE,WhhwvVaAClo,1,0.2948075900150359,0,0.8379874091851447
USSEN/NM WILSON OUR MOM,Vo14mTfFmhU,1,0.3473296240093517,0,0.7199149195607358
USSEN/NM WILSON SOCIAL SECURITY CARD,qj2eu9d0lZI,1,0.43170600950425064,0,0.7326546852802299
USSEN/NM WILSON STICK TO A BUDGET,WAo6OXtRXHM,1,0.36143475710614936,0,0.7315574445542177
USSEN/NM WILSON STILL WAITING,N_wQ4Qi2TSQ,1,0.46497277019990596,0,0.647173076678167
USSEN/NM WILSON THE WASHINGTON DIRECTION,BdyYyMETGjA,1,0.4116372343162715,1,0.4425492556645888
USSEN/NM WILSON WALL STREET BONUSES,nHlgrCSedpE,1,0.4213237162571821,0,0.6239874738778967
USSEN/NV BERKLEY NEVER BEEN FOR YOU,kOZ-AwWSc3Q,1,0.3370492839143881,1,0.28697787327750957
USSEN/NV BERKLEY REALLY NOT FOR YOU,eQfK8x6qR4A,1,0.47387359892332764,1,0.42662764531311753
USSEN/NV BERKLEY STRENGTHENED MEDICARE,PXToogaNIio,1,0.3059428642449177,1,0.2916949094519364
USSEN/NV BERKLEY TWISTED AND NOT TRUE,JO5i4LAnESw,1,0.3631595177882058,1,0.3363300917823458
USSEN/NV BERKLEY VETERAN MENTAL HEALTH 60,LwuftdKFIBQ,1,0.31194863981806376,0,0.73731031973149
USSEN/NY GILLIBRAND 9-11 HEALTH BILL,Hs_zvj5H7Ns,1,0.34834066750316295,0,0.6217960725257482
USSEN/NY GILLIBRAND EXACT SAME RULES,3W3GiJatLg4,1,0.2933455696986306,0,0.6134747263963786
USSEN/NY GILLIBRAND MANUFACTURING PLANTS,4z_KA8VScos,1,0.29450874406527644,0,0.6523156229186194
USSEN/NY GILLIBRAND REBUILD OUR ECONOMY,U8iVTQRa3es,1,0.2925153568130144,0,0.6120614668457678
USSEN/NY GILLIBRAND WOMEN'S ISSUES,WMp6bIu4oHY,1,0.3445481054274334,0,0.5849488721654597
USSEN/OH BROWN A REAL CHOICE,YCphesc_LLM,0,0.5720215715649276,1,0.37559602364836775
USSEN/OH BROWN BOTH FROM OHIO,uebRNfk5td4,1,0.379619314849258,0,0.6424837658867232
USSEN/OH BROWN DISPATCH ENDORSEMENT,OwkSYQVgvZs,0,0.5407454745075557,0,0.6301758505887517
USSEN/OH BROWN ENQUIRER ENDORSEMENT,AmPcVYnCy30,0,0.5249663335486016,1,0.4162296495415606
USSEN/OH BROWN FAIR CHINA TRADE,1k9z7WwaJQY,1,0.4015043510634015,0,0.6401150981499567
USSEN/OH BROWN JOHN BETTS 60,RxZTZuVuVak,1,0.4903095680659453,0,0.6441075344953288
USSEN/OH BROWN JOHN GLENN ENDORSEMENT,GBlJvSqgVHo,1,0.4907184026540765,0,0.6039601717075466
USSEN/OH MANDEL ABSENTEE SENATOR,M0SGsDB0Hfc,1,0.38772242247356525,1,0.4961609997062047
USSEN/OH MANDEL DEAD WRONG,goa5HYWQDBo,1,0.3681565217889003,0,0.6664313782943638
USSEN/OH MANDEL FALSE DECEIVING DISHONEST,LJBp5dAEMck,1,0.3215398210042566,0,0.6408377100949276
USSEN/OH MANDEL NOT PAYING HIS TAXES,BrjhDx8Ooxk,1,0.336079033798345,0,0.5841296330974917
USSEN/OH MANDEL THE REAL MANDEL,LV65bydhoCU,0,0.5609854789166234,0,0.6150613484259708
USSEN/OH MANDEL TIME FOR A CHANGE,GNIfjJUZxFU,1,0.31953689775645455,1,0.4176942223656036
USSEN/OK INHOFE AIR,z0Xl1UFaUpg,1,0.4977760383566195,0,0.7421148543858483
USSEN/OK INHOFE DEEDS 60,N9P7qI5H56g,1,0.3576404541905761,0,0.589285863157594
USSEN/OK INHOFE FLIGHT,jOSL-O8hM3o,1,0.3404486803414968,0,0.6381761914752401
USSEN/OK INHOFE MARIE,H1Sauu2l45o,1,0.32808900297033217,0,0.7135529907559583
USSEN/OR MERKLEY FIGHTER,1rIiBOQB9SM,1,0.30395860442949457,0,0.6833410973548842
USSEN/OR MERKLEY FIRST,jWqveyTo0lA,1,0.3755364245799126,0,0.6643300159150759
USSEN/OR MERKLEY GARAGE,l_fb28L3x2Y,1,0.4320869197426297,0,0.6889478849890861
USSEN/OR MERKLEY HANDS,VP_7GF1mdXY,1,0.39185004592027134,0,0.6728733376372771
USSEN/OR MERKLEY MILLIONS,CtK5mr63PaE,1,0.4499984847215925,1,0.3169726494188113
USSEN/OR MERKLEY ON OUR SIDE,zEafzuHDbNY,1,0.40770012217262624,1,0.4561803276392098
USSEN/OR MERKLEY VALUES,Algbk5SA9Qg,1,0.4152993073277303,0,0.7087082423342221
USSEN/OR MERKLEY WORD FOR WORD,YUtHaHYb8IQ,0,0.7493063460203462,1,0.40332614315501786
USSEN/OR WEHBY ACCOUNTABILITY,B50HvR0x3Bw,1,0.3950241415643905,0,0.6651823076820911
USSEN/OR WEHBY BEN WEST,qAQ6fH1CFwg,1,0.4301621494127004,0,0.5517001692578895
USSEN/OR WEHBY DO WHAT'S RIGHT,1AP93RFsVDI,1,0.416762720542726,0,0.5265747014448255
USSEN/OR WEHBY RIDICULOUS,ElVUzplkx6s,1,0.40821373287660956,1,0.46095349936969104
USSEN/PA CASEY COMPLETELY FALSE,IcMb5M3-kSA,1,0.439807956279824,0,0.6793267302793499
USSEN/PA CASEY CREDIT,vza-rXC3MuU,1,0.42097225109810293,0,0.6436400212941334
USSEN/PA CASEY DEFENSE CONTRACTORS 60,-HbCGg6dUmU,0,0.6298668700356882,0,0.6270142303799748
USSEN/PA CASEY MILITARY STEEL,Vt2ZffE05cc,1,0.3559023615007716,0,0.709401326495334
USSEN/PA CASEY ONE-SIDED TRADE DEALS,xatqfrylyCY,1,0.3483417015840073,1,0.4313751454613977
USSEN/PA CASEY WHEN I WAS A KID,SliqJpKqldA,1,0.33438607108604523,0,0.6334631284643056
USSEN/PA NRSC&SMITH RECORD OF FAILURE,PJ5R7CRXEz8,1,0.3300732444509342,0,0.6713470164679118
USSEN/PA SMITH FAILED CAREER POLITICIAN,yP4uHMHe3_M,1,0.3949508686840911,1,0.3465938302175575
USSEN/PA SMITH FED UP,s5hAzjyrBYY,1,0.4031450264658213,0,0.7749541095754461
USSEN/PA SMITH NOT TRUE,Lkq6he8oGRM,1,0.39846290761026865,1,0.2815659419739382
USSEN/PA SMITH PLAN,RN0Oy7wmFpI,1,0.42052523082225096,1,0.3265773090784811
USSEN/PA SMITH PROTECT SS AND MEDICARE,7jTednijVcs,1,0.3999338595116292,0,0.646779346924292
USSEN/PA SMITH WAR ON COAL,gdmvY9bkxGc,0,0.5298917575352527,1,0.32967178989702417
USSEN/RI HINCKLEY HUNDREDS OF JOBS,vxS0DeazBW0,1,0.45959695659264,1,0.3896445980316243
USSEN/RI HINCKLEY INSIDER TRADING,aX_EQYEyygE,0,0.6336108899546645,1,0.28149015070303873
USSEN/RI HINCKLEY MORE JOBS LESS POLITICS,GXnV13XyxRI,1,0.3872834608526496,1,0.3553272544728601
USSEN/RI REED RHODE ISLAND'S DEFENDER,wjcN0YmzeP0,1,0.3374024026623204,0,0.5729307433607294
USSEN/RI REED SERVICE 60,7ojkh2Rv7F0,1,0.35180317713651715,0,0.6271887425651373
USSEN/RI REED STUDENT LOANS,SzR_hG-POy8,1,0.36112831122215333,0,0.6593095352177916
USSEN/RI REED SUBS,Q-zkImVYLfo,1,0.35442795605277316,0,0.6400932543859233
USSEN/RI WHITEHOUSE MEDICARE CUTS,G5OhiTWKvJc,1,0.33491082563240393,0,0.5714252514108259
USSEN/RI WHITEHOUSE NEVER STOPPED 60,kKEpfBZxJjE,1,0.3144794912736542,0,0.5671987400806341
USSEN/RI WHITEHOUSE OUTSOURCING,qvLEMPos3o4,1,0.3898199983856219,0,0.5949876550922014
USSEN/RI WHITEHOUSE PELL GRANTS,nDidx9Xxayo,1,0.40891695420417207,0,0.5532574565640865
USSEN/RI WHITEHOUSE SACRED PROMISE REV,9bBDTS6FGTo,1,0.3218347108850402,0,0.6061786874701746
USSEN/RI WHITEHOUSE STORIES OF RI 60,TyEbCUGTnEw,1,0.3723299522115283,0,0.6047129225879708
USSEN/SC GRAHAM BEST EXPERIENCE OF MY LIFE,cVfZ0EbUpK8,1,0.37713340823033614,0,0.6229517589052136
USSEN/SC GRAHAM PROVEN CONSERVATIVE LEADER,OF0HH_aA1AA,1,0.39518301988311755,0,0.5338154332715052
USSEN/SC HUTTO HEADLINES,PhQTgegprZk,1,0.4143969663484421,1,0.45197017394337663
USSEN/SC HUTTO LISTENING,W_QKJGphaQo,1,0.4367074887430963,0,0.5221909007284665
USSEN/SD ROUNDS HERE THEY GO AGAIN,NnEgnlEO-7w,1,0.2867891315199175,0,0.6143051573503735
USSEN/SD ROUNDS HOMESTAKE LAB,JZYKGic1-Yo,1,0.47321447730151867,0,0.6183299479399018
USSEN/SD ROUNDS KEY ISSUES 60,kwhJ8wWrsCk,1,0.3902778409483188,0,0.5887279685439163
USSEN/SD ROUNDS OUR VALUES AND KEYSTONE,rLyyfsb3-ik,1,0.3618017077376363,1,0.4377728239623779
USSEN/SD ROUNDS PROTECT SOUTH DAKOTA,mONmV9vwzNU,1,0.4000827075318156,1,0.4892741214322965
USSEN/SD ROUNDS SHAME ON RICK,dBYBIE_MK6E,1,0.47969880624803346,0,0.5556173257116176
USSEN/SD ROUNDS THAT'S ALL THEY'VE GOT 60,y8obbOQi0lM,1,0.4327297997379996,0,0.6138918948379427
USSEN/SD ROUNDS THE TRUTH,a01Z5lImHpQ,1,0.47498971764555364,0,0.624838112472378
USSEN/SD ROUNDS THUNE SUPPORTS ROUNDS,CCt1ugS-9l4,1,0.37176170378725815,0,0.6069717153733273
USSEN/SD ROUNDS TRUST,fxP92mc2xn0,1,0.42952220560102766,0,0.5870741688000404
USSEN/SD ROUNDS VETERANS,eL6AiJZclew,1,0.44158788650056585,0,0.5944071756861137
USSEN/SD ROUNDS WORK ETHIC,bMpIikYOkrQ,1,0.2745288754756652,0,0.5647466629273579
USSEN/SD ROUNDS&NRSC WHO WE SEND,KYRJ3ehVi1Y,1,0.4682352885233789,0,0.5502032520494271
USSEN/SD WEILAND ABACUS 15,5_az6hO8FQk,1,0.4268712862598165,0,0.6441503005978251
USSEN/SD WEILAND AUCTION,jIvQT3hFLD8,0,0.5216839147281315,0,0.5909316274769285
USSEN/SD WEILAND DAVID VS GOLIATH 15,qOAF7akjieo,1,0.46074618243411497,0,0.6631745029610683
USSEN/SD WEILAND EVERYDAY PEOPLE,I_BHyGE1QrY,1,0.3833249839074553,0,0.5876047587946109
USSEN/SD WEILAND HARD WORK,6DFRIM-suXI,1,0.41588753594634026,0,0.6295616413155514
USSEN/SD WEILAND HEADLINES 15,TwDM0XIBgqA,1,0.37972791411031503,0,0.6472937067632089
USSEN/SD WEILAND INCREDIBLY FAST 15,zzqHGEeBTLY,1,0.43210329778178463,0,0.6272284772500265
USSEN/SD WEILAND INCREDIBLY FAST 15 2,CRySuHUWvNU,1,0.4150712221121279,0,0.6362733646772408
USSEN/SD WEILAND MIDDLE CLASS,0TZZj_pq1b8,0,0.5158954394753266,0,0.5216714294080459
USSEN/SD WEILAND MY NAME IS,1ABR_fapWLU,1,0.4594068764697754,0,0.6033516468746589
USSEN/SD WEILAND REST OF US,pdvcE-WMrqw,1,0.4799436983309902,0,0.6107691120654433
USSEN/SD WEILAND SHOWING UP 15,oZHVS1qWCbM,1,0.44410581194090715,0,0.5635761231279683
USSEN/TN ALEXANDER I'VE SEEN WHAT CAN HAPPEN,plzj8XC3ges,1,0.30973897889803603,0,0.558739363230807
USSEN/TN ALEXANDER SERIOUS TIMES,CCm2UN57RqQ,1,0.3071128818959315,0,0.6919489307088088
USSEN/TN ALEXANDER SLICK TALK,fGUjeQ1x8v0,1,0.47825624517071513,1,0.40273790438704754
USSEN/TN ALEXANDER VOTE FOR A NEW SENATE MAJORITY,f4dZJGGyFh0,1,0.3278297113450775,0,0.7130568004051251
USSEN/TN BALL OUT OF TUNE,uVEVxZLoNkE,1,0.44555388242727656,1,0.4949029360732198
USSEN/TX CRUZ LAND OF OPPORTUNITY,W9qUiCw4QNs,1,0.2127609543840022,0,0.5657371237643647
USSEN/TX CRUZ THE AMERICAN DREAM,e66tJxvInzE,1,0.3295950986399842,0,0.5483072749593443
USSEN/TX SADLER TEA PARTY SENATE SEAT,VBALvQ25xPE,1,0.27751675052259867,1,0.3244151276543895
USSEN/UT HATCH AT A CROSSROADS 60 REV,fs9noqfkXgo,1,0.30510548890183226,0,0.5869007588165255
USSEN/UT HATCH ROMNEY ENDORSEMENT 60 3,B-rDqJ57itg,1,0.30244525128358624,0,0.6470546613345187
USSEN/UT HOWELL PARTY BEFORE PEOPLE,YIboHsM7iQE,1,0.3319074152373405,0,0.6761844654331007
USSEN/VA ALLEN AMERICA AT A CROSSROADS,L86yeztK4Bg,1,0.3917338883218352,0,0.6438157859112754
USSEN/VA ALLEN COAL QUOTES,jx7sPWWiaUY,0,0.5325909049351746,1,0.47683260762786817
USSEN/VA ALLEN COAL REGULATIONS,-de9Pr2k5-k,1,0.397338477364773,0,0.7785498083032809
USSEN/VA ALLEN COAL REGULATIONS 2,NSfnzrGl1lg,0,0.5225586966476591,0,0.6354137754438339
USSEN/VA ALLEN COMEBACK,q0wVGh9oapc,1,0.4022507306227735,1,0.43335697292230213
USSEN/VA ALLEN DEATH BENEFITS,1cfc3VD2Y9c,0,0.6791763033160889,0,0.5962069088011818
USSEN/VA ALLEN DEFENSE CUTS,Th586XLig_o,1,0.37531423760848465,1,0.3645064883647447
USSEN/VA ALLEN DEVASTATING,KjtSjw5Ju7o,1,0.3936830730436757,0,0.6756619475409881
USSEN/VA ALLEN DIVISIONS IN WASHINGTON,Lk-BJjxvrak,1,0.35319112315913403,0,0.7481338277008955
USSEN/VA ALLEN KAY COLES JAMES,jD_CF_P6XbI,0,0.5769076698340732,0,0.5954313322371584
USSEN/VA ALLEN RHONDA WINFIELD 60,3xvFzq90Dd0,1,0.5118630701024655,0,0.6030294104412548
USSEN/VA DSCC&KAINE PATRIOTISM AND UNITY,ykGjZRPFSxc,1,0.42807197684718934,0,0.6608147363249786
USSEN/VA KAINE LEAD BY EXAMPLE,5s-2RuZ-OVM,1,0.2900950674934153,0,0.6578302450437182
USSEN/VA KAINE MORE PARTNERSHIP,I8HH7lz0aOc,1,0.31596070543328636,0,0.6703755234315313
USSEN/VA WARNER DISGRACEFUL,tBSL_qh_Hd0,1,0.3915886718287488,1,0.3933683357053791
USSEN/VA WARNER ENRON,OZ2aRBhntgg,1,0.3890324128843809,0,0.5813804034735532
USSEN/VA WARNER GO HOKIES,sBDKFynVN4s,1,0.4139984058870489,0,0.7195393827700567
USSEN/VA WARNER INSOURCING,uen_YStIIyw,1,0.37774432047095396,0,0.655291193469626
USSEN/VA WARNER JOHN WARNER,JkMRZLmIuXI,1,0.4101076168709606,0,0.6901257781863431
USSEN/VA WARNER NEXT GENERATION,x97zqmSwcH0,1,0.35978921215052123,0,0.5897490483825216
USSEN/VA WARNER PROBLEM SOLVER 60,7j1jnYgiLbk,1,0.36410464774152146,0,0.6069779272260193
USSEN/VA WARNER STRONGER,K_ItfxwEwmo,1,0.3759676540739964,0,0.6163038726362189
USSEN/VA WARNER SUPER LOBBYIST,gIxFcBSCHDo,1,0.4186940449790177,1,0.36793333918145993
USSEN/VA WARNER TRUTH,B1lC7FA74Sg,1,0.36603177872739373,1,0.41723258499766797
USSEN/VA WARNER VETERANS,iPRLyikAjB0,1,0.3850134682391836,0,0.6908017597307521
USSEN/VA WARNER YOU ALREADY KNOW,X3XJLk2asYc,1,0.3942260373451875,1,0.4276659884769441
USSEN/WA CANTWELL AEROSPACE INDUSTRY REV,R8KV3mh9sp8,1,0.3532902713293819,0,0.6632696284018236
USSEN/WA CANTWELL KEYS TO SUCCESS,_xqGsow5paI,1,0.40717422920603374,0,0.6495442944729494
USSEN/WI BALDWIN ALWAYS STAND UP FOR YOU,R_O59V0FWvs,1,0.4034355378505932,0,0.750596851864354
USSEN/WI BALDWIN BEHIND CLOSED DOORS,rLDSVvrdXmI,0,0.5398605165760854,1,0.4148795252435088
USSEN/WI BALDWIN BUFFETT RULE,NWQi40FVbho,1,0.46652306894431855,0,0.6622903357060285
USSEN/WI BALDWIN CLINTON ENDORSEMENT,-z_avpyd0j0,1,0.45197344104807335,0,0.6148710395960538
USSEN/WI BALDWIN COLLEGE AID,1goue4eiFmI,0,0.5412078641843356,0,0.6168380473751581
USSEN/WI BALDWIN DISGRACE,5bwR2e7eCZM,0,0.5287149031335908,1,0.441016582527735
USSEN/WI BALDWIN LABEL ME,IOz20N91ni0,1,0.4031941583419217,0,0.7614418239542601
USSEN/WI BALDWIN NEWSPAPER ENDORSEMENTS,cakPpQu51s0,1,0.5037181181720102,1,0.4274264742503755
USSEN/WI BALDWIN NOT FOR YOU ANYMORE,1XeNgesMpA8,1,0.4465793026767409,1,0.41043271761633576
USSEN/WI BALDWIN NOT FOR YOU ANYMORE 2,7ihWIy1YiSg,1,0.48803382830274644,1,0.4097926267874371
USSEN/WI BALDWIN NOT FOR YOU ANYMORE 3,cTGFrUk1-k4,1,0.4418332569665934,1,0.28981814856141697
USSEN/WI BALDWIN OUTSOURCING,VRABUyZQngI,1,0.43158349545404157,0,0.6096764660905357
USSEN/WI BALDWIN SWEETHEART DEAL,gedxPcBeQr0,1,0.46357989096314606,1,0.406558910859086
USSEN/WI BALDWIN TOMMY INC,K1OtwbGQR7s,1,0.44016961914702024,1,0.39595485018054255
USSEN/WI BALDWIN WHAT'S HAPPENED,xhZyrE3o4Ng,0,0.5516800125380366,1,0.39587058404206654
USSEN/WI BALDWIN&DSCC TAX RETURNS,nvpAsrw0DYs,0,0.5512015916967802,1,0.4936886826371635
USSEN/WV CAPITO BIGGEST FAN,fhMHBVM7g8E,1,0.45374855150780574,0,0.6105315159256548
USSEN/WV CAPITO EVERYDAY,69qm8Op-dIo,1,0.4094079010486801,0,0.624148296468954
USSEN/WV CAPITO FIGHTING FOR THE HOME TEAM,3EKJCEgs_Ys,1,0.3972387813060182,1,0.387452313139938
USSEN/WV CAPITO MEDALS,YEV3zyV3ihc,1,0.37388399551777296,0,0.6720119225462021
USSEN/WV CAPITO NEVER EVER,gdhRcZdUVJk,1,0.36879135391405976,1,0.35614805279444495
USSEN/WV CAPITO OBAMACARE,T5mTfw2Gdio,1,0.3499487161065654,1,0.3957022278460621
USSEN/WV CAPITO WELCOME SIGN,B6YJ3cXazGY,1,0.42162706736183037,0,0.6154462542103668
USSEN/WV CAPITO WHAT I HEAR,v12bCMJOu3k,1,0.33344619046483215,0,0.6355416477802525
USSEN/WV MANCHIN CAP AND TRADE BILL,yKYXr1P7h-g,1,0.2725755367281892,0,0.5818584278481714
USSEN/WV MANCHIN COUNTRY BEFORE POLITICS,1fFdgYls31o,1,0.33250170525161094,0,0.6568929565329366
USSEN/WV MANCHIN HAIRCUT,PpTpz-9Ustw,1,0.33752066575611656,0,0.6399422145299175
USSEN/WV MANCHIN HONOR AND DIGNITY,v0B2vI_7AeQ,1,0.2666798359197797,0,0.520348107166743
USSEN/WV RAESE CAP AND TRADE BILL,IZiC88UI8lk,1,0.30970862404931737,1,0.3206405618525123
USSEN/WV RAESE GANG OF FOUR,JkE0dEIT8xA,1,0.41269590550066027,1,0.4669966959973261
USSEN/WV RAESE JANE,AUYY_H3NIus,1,0.4536219761461865,0,0.6868748006099316
USSEN/WV RAESE MOST IMPORTANT ELECTION,tieNWv0UaRk,1,0.18709753296825285,0,0.5893608591147891
USSEN/WV TENNANT COURTHOUSE,cNo9rZ8YpA8,1,0.39271192677864386,0,0.6588626779043665
USSEN/WV TENNANT DELANEY'S STORY,k9m2DaUrry4,1,0.3150052263782016,0,0.6526152679696373
USSEN/WV TENNANT MESSAGE,doe_nTBQ4MY,1,0.43635662286956245,0,0.6352870458156887
USSEN/WV TENNANT WALL STREET'S SECRET WEAPON,G02lUlkTVgY,0,0.5229967098295604,1,0.42255343245543103
USSEN/WV TENNANT WHAT DO WE KNOW,BI_YsHRdp0g,1,0.5081880305332406,1,0.4053116327909674
